3425
4132
6370
16659
19373
24293
28848
32365
33365
35293
35294
39275
39283
42842
49779
50463
64300
70201
71114
77978
79291
81571
89673
92570
95234
106894
117043
118028
121512
127807
127878
131961
133426
135291
143273
151907
152012
154218
156848
161218
167410
173386
175766
175792
190922
196860
200446
205907
206000
212947
215923
224037
224192
224409
227146
238013
239822
243105
249859
252211
263773
268384
271275
272153
273449
274340
278035
283777
289520
289640
295225
303148
307305
310496
312471
313164
313179
316643
316734
319155
323417
326633
329712
330353
331222
335568
337975
339714
353769
363101
367958
369655
377856
380307
386686
388495
396567
397739
410689
413524
419030
419402
421016
424041
425933
426718
441471
458233
459122
459688
1054004
1066185
1088358
1139924
1152224
1187894
1190430
1197007
1216307
1234406
1254960
1274442
1290214
1295710
1313623
1314112
1320779
1322712
1326376
1338462
1412243
1439191
1439601
1445517
1446997
1448213
1492119
1493738
1520980
1535782
1539310
1584122
1591895
1616702
1707404
1754361
1755203
1759255
1761634
1767491
1787580
1822741
1835558
1840036
1905312
1953891
2018520
2053655
2148086
2201545
2232201
2246910
2281914
2285080
2293541
2300073
2306433
2352002
2370651
2376952
2378589
2406532
2407145
2409153
2415671
2432399
2440866
2441555
2444935
2449786
2452986
2455758
2464387
2464825
2465338
2467204
2473188
2477594
2478655
2524250
2535317
2536302
2537718
2539184
2548538
2640147
2688317
2719244
2746372
2748256
2759425
2790002
2791293
2792825
2798090
2840630
2871687
2922762
2924527
2930538
2986341
3034504
3130683
3329511
3387093
3400988
3445963
3446146
3447532
3453071
3585891
3619926
3639869
3645933
3660237
3676700
3693895
3706822
3748279
3773939
3892393
3936786
3938635
3940708
3945796
3954427
3971429
3984486
4012691
4070249
4117415
4121733
4121734
4124892
4199355
4217109
4304648
4344349
4344361
4397806
4551148
4563735
4635932
4642040
4658241
4683530
4738150
4767611
4794179
4813854
4819129
4825216
4835591
4869742
4870219
4871803
4904300
4907928
4908332
4917710
4924204
4929231
4954114
4956299
5025226
5026487
5039035
5070032
5089067
5094937
5102540
5118186
5132450
5142838
5152111
5157909
5158011
5162042
5162043
5162088
5165963
5179990
5180460
5185098
5187480
5189694
5190627
5193397
5194007
5196167
5198123
5209088
5220795
5228652
5241561
5243096
5250162
5251196
5269953
5297626
5298190
5298849
5301928
5311950
5324225
5335320
5337677
5356806
5361298
5362597
5370569
5378785
5391929
5433371
5445887
5447226
5459813
5480920
5480926
5486171
5695916
5697304
5698493
5699103
5699755
5699930
5703817
5706185
5707118
5709139
5710365
5713178
5714250
5717184
5719085
5719401
5719646
5722918
5724182
5726455
5726456
5726627
5729047
5729477
5730405
5731873
5732614
5736248
5738737
5743870
5745321
5746576
5748832
5749797
5749873
5754069
5757518
5762912
5765183
5766624
5766800
5768494
5769007
5772249
5775156
5776436
5779347
5785405
5791182
5801462
5806694
5811475
5812163
5814784
5819935
5822498
5822884
5834727
5843284
5865040
5868385
5870469
5872257
5881227
5887285
5889014
5890688
5892936
5893557
5894984
5895931
5896160
5896626
5900850
5904401
5904512
5906012
5906952
5908798
5909951
5910195
5915835
5918077
5920688
5924126
5926588
5926945
5935386
5940040
5942180
5947412
5953237
5953813
5955885
5959471
5962909
5966815
5968076
5969059
5971539
5972361
5974249
5980960
5990428
6012352
6034903
6034904
6156275
6564608
6594779
6628626
6629511
6647901
6714462
6784440
6875789
6895525
7037174
7042721
7264724
7846402
8015700
8060205
8644196
8884527
9000893
9073361
9075009
9185161
9190487
9218115
9249027
9261845
9341680
9383777
9418515
9569959
9577142
9830058
9943358
10151589
10354857
10417586
10513044
10551438
10886926
10903653
10956695
11036893
11078289
11178879
11344148
11412536
11559150
11637400
11787546
12429734
12433068
12532355
12543727
12570537
12649535
12658683
12689102
12727402
12817581
12914248
12914506
12980483
13093200
13120352
13212437
13225190
13245154
13266641
13299572
13299573
13340410
13359604
13422720
13523927
13783492
14168823
14169596
14257092
14317658
14357770
14390547
14482264
14529199
14533518
14533519
14748713
14843224
14990969
15129322
15133571
15293958
15365292
15522455
15665763
15704013
15746935
15775268
16299856
16313225
16348169
16353169
16397637
16422282
16569219
16576576
16619034
16974842
17683033
17774166
17775464
17926918
18046261
18267761
18287343
18287344
18287472
18290354
18291515
18293463
18297066
18302164
18302313
18315495
18318462
18322179
18336356
18336826
18336827
18337308
18337747
18344168
18348292
18349585
18354774
18354775
18355307
18359059
18362859
18362860
18371188
18377431
18391969
18392916
18394705
18397826
18399003
18404934
18409499
18421170
18424919
18425225
18430803
18440758
18444051
18450266
18450721
18451649
18455215
18456117
18460662
18472730
18473567
18485304
18485305
18489966
18493567
18495780
18500847
18504048
18507937
18510610
18525150
18528361
18529874
18533745
18538567
18548170
18551464
18554589
18564340
18569809
18579846
18581004
18583617
18593093
18596353
18598701
18603607
18622347
18638990
18662038
18664567
18668487
18672123
18675717
18687752
18687993
18688827
18703408
18709330
18710863
18740364
18743865
18746555
18747125
18757426
18762891
18783219
18784780
18798110
18807533
18812776
18823143
18832561
18835069
18838671
18839617
18845954
18859122
18863452
18863604
18868751
18877804
18884424
18886806
18887351
18890382
18913319
18916521
18929761
18935149
18941150
18943776
18944421
18967209
18993506
18999856
19014978
19026995
19029495
19031654
19033575
19046017
19057871
19068192
19128196
19131298
19148916
19152489
19153813
19160150
19160305
19161047
19170561
19190937
19203066
19207277
19209977
19211731
19227116
19245025
19260078
19293200
19388330
19388772
19389053
19389272
19389356
19389982
19390486
19392174
19393141
19394783
19395314
19395315
19396092
19398719
19400567
19401196
19401526
19404259
19404295
19407157
19408427
19411709
19415984
19416418
19420198
19424432
19425826
19427911
19428930
19429406
19431984
19431985
19436411
19439553
19442484
19442520
19448513
19448992
19452942
19454257
19464934
19469994
19472332
19473559
19474803
19479993
19494115
19494950
19495835
19501432
19503421
19505774
19506044
19506185
19508760
19511663
19511810
19514951
19515575
19517969
19536057
19536637
19540064
19543533
19547011
19548852
19555041
19564628
19567307
19568759
19571269
19571604
19572125
19573741
19578856
19583042
19584639
19585678
19602585
19603444
19604371
19611476
19613390
19614013
19616746
19623020
19626314
19628819
19633596
19634290
19646859
19655316
19655404
19660223
19660365
19666523
19668184
19953689
19973623
20119594
20119595
20152306
20263035
20742205
20783036
20878036
21033297
21044055
21113767
21123748
21488042
21589161
21625520
21818353
22283405
22298275
22321674
22340970
22348821
22360858
22369126
22375738
22397392
22414226
22443039
22444725
22462369
22487554
22519086
22520180
22520662
22534778
22580340
22768228
22790218
22914597
22933940
23263991
23363306
23390283
23415945
23507575
23669417
23760404
23795759
23809706
23817475
23870521
23913305
23915089
23998838
24012242
24013235
24362544
24384907
24386146
24488111
24503223
24520190
24649546
24684084
24716032
24717992
24752419
24772759
24825755
24837994
24852415
24855488
24863588
24896965
24927717
24977818
24982429
25038067
25040017
25144565
25201280
25403097
25465960
25498262
25513812
25545738
25571144
25604632
25654428
25770329
25885630
25885631
25906325
25959213
26032135
26277198
26280277
26330431
26357896
26366801
26368274
26394251
26433312
26438420
26458090
26484385
26512711
26540686
26544429
26555158
26609221
26649750
26673648
26706963
26713136
26791836
26801951
26847969
27059320
27206996
27235853
27306012
27320837
27356712
27393994
27405151
27422295
27447594
27536337
27565073
27586905
27819530
27878953
28074127
28401801
28470918
28477112
28477202
28563535
28597349
28681318
28688837
28744011
28754964
28759604
28793786
28802589
28830417
28835338
28958241
29115442
29135805
29138946
29154961
29173279
29186349
29193417
29195288
29206726
29221179
29222936
29222958
29242390
29298539
29322400
29339772
29348123
29355903
29372516
29378115
29404435
29427906
29450200
29454976
29467284
29516377
29530595
30704222
30740707
30768103
31252438
31515930
31570919
31611887
31639849
31655240
31717877
31767714
31779432
31821994
31845258
31955576
31963195
31967451
32017505
32017506
32054970
32194497
32398026
32493165
32502165
32507425
32512030
32514953
32518756
32527544
32546859
32571930
32579542
32579647
32612280
32615775
32653831
32661355
32667353
32671911
32680313
32690820
32731345
32751890
32757345
32760941
32763776
32766262
32768628
32775305
32793292
32818746
32819569
32834151
32835840
32846206
32854373
32897580
32922170
32927087
32950288
32978266
33016765
33025221
33052372
33055852
33065578
33069539
33078506
33079803
33103426
33110253
33121424
33125736
33137029
33153258
33166864
33173952
33189702
33194090
33203217
33204631
33209377
33210075
33240072
33248204
33255397
33259174
33273731
33290684
33291721
33326372
33352024
33372798
33410881
33437775
33463709
33466632
33467600
33492278
33514210
33516946
33529584
33614449
33627984
33643601
33674551
33683778
33708810
34240503
34380374
34385104
34400016
34447513
34606047
34610149
34614734
34622915
34625827
34626903
34630036
34634612
34638606
34638608
34642017
34644873
34647326
34649477
34650848
34655711
34663755
34664047
34676989
34677966
34688848
34705324
34718214
34720275
34729289
34737450
34740980
34743791
34747632
34751677
34760853
34766322
34766827
34771072
34772675
34804761
34848759
34913234
35026876
35055556
35249525
35892633
35927774
35931717
35935534
35991345
36008574
36043618
36122637
36129385
36138020
36183804
36203043
36254278
36295046
36394744
36415143
36620549
36679480
36796954
36957806
36976893
37078382
37137712
37578388
37631817
37659516
38145482
38238501
38477268
38494965
38551081
38606254
39081607
39267443
39328735
39422464
39648882
40049687
40125666
40246810
40585475
40601252
40634359
40672275
40700721
40844652
40891194
40903651
40905683
40997294
41013440
41022058
41022552
41030173
41040089
41040474
41044609
41065556
41075457
41083070
41122793
41127865
41129867
41135083
41136618
41138193
41141151
41153808
41155906
41163151
41164162
41177334
41183441
41187316
41191678
41195828
41199906
41203619
41219133
41221204
41221382
41225701
41237252
41238709
41239024
41240666
41242833
41245796
41250736
41257234
41262606
41270225
41271708
41275848
41285682
41288498
41610786
41699364
42234893
42253807
42263653
42264472
42272413
42315473
42330073
42332487
42333021
42337131
42337390
42369874
42369938
42378767
42441362
42484292
42486445
42487774
42498899
42519793
42535498
42569678
42609731
42645520
42664723
42681848
42856313
42870573
42884349
42900680
43025036
43056713
43078777
43220723
43232586
43330565
43376192
43377097
43377098
43380897
43382639
43390594
43391405
43397596
43400465
43407816
43407909
43410572
43413141
43417056
43417232
43419300
43421123
43424023
43424412
43425341
43429322
43441612
43449372
43451656
43464640
43469891
43476820
43485318
43501080
43501282
43505458
43508124
43511576
43521940
43530359
43531197
43532760
43534604
43563513
43581915
43584568
43589201
43589202
43595411
43601620
43601954
43606267
43609110
43609111
43612011
43612229
43613056
43613178
43613784
43619494
43620708
43624820
43624821
43626072
43629751
43632847
43638486
43645586
43648155
43653115
43662173
43669847
43674734
43676119
43676933
43678851
43682219
43685144
43685187
43689036
43695020
43698408
43702686
43703762
43704437
43706221
43706636
43709079
43713172
43714045
43718871
43719936
43727243
43728917
43729861
43731617
43735710
43735808
43738605
43746806
43750375
43751748
43760689
43764964
43772000
43774697
43789487
43790491
43792967
43797500
43800597
43807719
43838458
43840468
43855394
43868108
43870035
43872760
43892360
43895115
43896927
43906588
43927041
43947306
43948899
43952598
43958038
43961955
43981784
44267940
44289960
44290817
44293246
44297442
44297443
44298460
44301685
44302686
44303716
44304788
44314813
44316057
44316321
44320915
44321785
44322479
44326511
44326753
44326754
44326855
44327541
44329037
44333906
44334672
44335646
44343075
44347507
44348222
44350974
44354608
44361238
44366418
44366768
44372397
44372398
44372868
44375869
44380424
44382202
44417294
44417320
44417819
44427991
44433411
44441926
44466378
44467519
44479992
44484864
44515593
44533853
44550537
44590578
44606898
44659507
44753616
44866417
44891274
44896745
44957318
44985902
45002802
45010174
45039866
45047649
45065659
45066474
45072165
45074104
45097766
45103850
45115108
45118482
45125662
45128083
45128365
45130611
45131052
45137188
45138226
45140227
45146608
45147377
45147378
45150741
45167487
45187061
45188409
45188416
45193863
45195675
45464176
45499665
45513381
45542061
45559586
45580125
45615358
45668108
45691546
45756839
45802683
46314151
46376261
46440509
46586646
46742909
46976425
47141001
47143581
47143582
47196145
47274663
47281048
47283258
47287854
47289653
47363189
47417040
47436046
47506549
47648865
47653240
47653242
47659874
47670589
47674505
47683091
47694522
47700778
47704404
47711969
47714209
47715124
47716945
47730610
47740139
47748200
47752552
47755014
47756592
47762898
47772881
47783863
47786260
47791980
47796326
47804433
47805292
47815084
47816578
47817394
47829446
47832590
47839446
47843331
47850261
47851159
47861132
47864611
48086009
48128145
48152932
48390421
48410067
48417269
48612401
48637051
48822300
48868463
48873439
48920975
49010879
49018807
49116369
49212263
49252156
49295494
49300647
49735862
50013087
50151152
50158991
50165572
50195381
50202046
50202167
50228868
50251835
50251836
50258619
50263911
50269861
50270660
50279329
50688248
50898701
51229986
51242416
51243027
51245794
51285027
51301353
51363267
51409621
51474343
51583491
51688280
51714932
51728052
51764991
51779806
51782387
51803780
51812491
51814836
51815542
51816567
51820284
51821846
51830448
51841968
51863058
51880571
51882462
51885153
51889884
51899508
51912163
51917614
51928568
51937716
51939990
51951112
51959816
51980266
51989909
51998991
51999387
52001642
52013407
52014188
52019983
52021123
52041175
52068252
52075858
52076683
52098142
52109245
52111264
52128675
52134095
52136582
52144198
52156375
52161027
52161089
52176715
52184549
52201793
52210509
52216111
52217104
52239470
52242057
52243062
52252460
52262879
52290416
52293394
52332466
52346206
52383206
52394538
52399495
52424478
52434593
52434700
52435367
52437346
52450618
52458833
52460360
52460361
52470320
52471781
52494557
52498759
52520962
52541001
52546499
52572809
52598867
52599311
52612451
52614787
52619080
52668971
52672549
52688157
52688849
52689430
52711219
52725082
52764693
52850578
52893976
52933764
52938417
52983325
53051003
53061718
53086502
53130308
53151347
53163361
53261406
53298281
53303195
53306083
53307641
53346952
53353820
53358291
53358547
53398261
53398442
53468705
53791950
53796221
53797480
53797481
53798167
53813185
53815631
53816634
53825620
53886736
53896961
53902436
53905945
53928589
54010258
54020650
54070857
54071663
54078391
54102708
54165321
54181208
54211738
54337536
54777993
54785975
55081709
55102516
55258861
55334297
55483205
55651224
55727981
55988676
56009456
56173736
56421489
56496162
56510455
56610218
56616732
56767818
56779558
56779979
56870558
56919923
56970391
56985995
56987445
56998127
57041187
57207533
57597922
57918579
57965872
58031569
58048053
58090056
58120527
58144982
58198764
58246813
58286927
58313885
58408575
58656009
58738073
58738423
58779082
58784380
58792939
58799385
58837264
58870904
58883436
58883437
58884785
58890297
58913177
58915999
58939142
58943081
58947454
58964556
58966296
58967496
58996025
59003491
59004134
59008487
59029620
59037916
59067179
59081310
59100475
59182428
59182666
59206872
59237342
59296849
59322599
59333703
59344097
59369455
59369679
59372822
59398744
59429351
59435180
59438857
59449214
59456499
59468966
59494779
59498800
59514882
59571473
59627834
59921322
59935803
59961389
59973393
59974732
60002004
60002671
60029756
60034005
60038893
60047437
60152415
60275109
60318929
60362940
60472347
60505239
60622134
60633461
60913871
60917040
61015423
61036781
61054544
61056302
61097285
61140872
61150835
61387259
61393691
61411351
61414704
61428843
61454384
61487865
61488235
61508814
61513943
61527153
61537977
61550887
61555463
61563411
61606997
61611049
61626707
61644825
61656932
61677055
61678115
61687814
61709529
61717428
61745570
61788720
61789579
61795241
61814716
61819265
61906716
61963016
61965458
61970731
61970732
61971635
61971636
61973724
61978582
61980496
61988820
61989915
61991626
61993831
61997286
62009765
62011922
62014511
62017850
62021073
62021242
62021503
62021850
62025012
62029413
62030381
62036492
62041110
62056088
62057622
62057623
62063992
62066638
62069674
62073303
62083554
62087954
62090630
62097380
62103605
62104649
62106691
62107352
62112333
62113650
62114171
62115938
62149332
62149333
62166572
62167004
62170527
62170660
62175349
62181377
62190150
62193377
62196941
62202588
62210728
62219930
62241996
62248995
62253827
62259313
62265482
62273653
62279206
62286054
62288225
62289180
62316674
62335062
62349379
62355866
62366961
62368554
62378749
62389008
62393480
62400717
62408495
62423834
62449724
62469709
62477004
62489843
62493922
62517880
62533424
62539828
62549058
62557016
62565675
62578683
62605476
62607346
62616714
62620264
62625446
62626481
62632857
62634617
62664967
62680075
62707566
62725207
62727961
62741553
62755134
62757449
62770051
62822040
63132748
63133743
63147026
63154472
63186104
63205971
63254190
63263696
63274060
63274061
63278757
63282160
63287808
63295971
63302738
63306036
63327515
63335803
63337884
63338913
63359229
63371772
63379702
63384969
63414440
63414441
63418757
63421214
63421954
63421955
63422901
63423320
63423856
63424602
63424928
63426135
63428938
63429049
63430783
63432236
63432925
63434609
63435479
63442615
63444994
63445209
63446278
63446457
63446867
63447050
63447540
63448429
63449516
63450084
63451086
63451269
63451341
63451682
63453170
63454421
63455183
63455240
63457268
63457301
63458562
63466113
63466115
63467713
63468026
63468314
63471978
63474368
63474917
63481770
63483468
63486550
63487367
63489767
63495904
63496872
63497004
63497222
63499663
63500123
63503180
63503707
63504176
63505117
63506562
63509408
63511071
63511138
63512015
63513517
63514511
63519109
63519757
63520313
63521172
63521777
63524627
63527052
63527243
63529527
63530017
63531302
63533929
63534868
63538173
63539689
63540093
63540493
63541573
63541757
63543341
63543583
63544150
63544607
63547064
63548121
63549211
63549478
63551291
63553779
63553780
63554997
63558245
63560892
63561410
63562138
63563224
63572055
63576567
63576703
63578916
63578939
63586202
63591160
63592901
63594315
63595661
63596524
63601163
63602724
63603187
63604186
63610576
63611815
63611833
63614466
63615551
63618359
63622621
63623382
63624821
63625063
63625447
63625806
63626772
63627550
63628667
63629066
63630478
63630609
63631383
63631813
63635017
63636933
63645206
63646487
63649685
63650925
63653280
63660080
63662551
63663144
63667496
63670181
63675218
63676008
63676872
63679386
63679968
63680229
63680480
63683277
63684567
63685663
63687133
63688272
63690300
63691808
63691975
63692012
63695771
63696328
63698802
63703332
63705353
63714535
63718790
63719372
63722626
63724890
63725793
63729378
63731377
63731793
63733434
63741845
63741908
63743057
63763171
63767330
63771698
63772177
63772225
63774616
63776184
63779165
63787865
63789147
63792525
63793707
63793708
63795135
63795291
63796173
63799587
63801909
63803125
63803166
63806032
63806109
63807234
63815483
63821912
63828381
63830744
63837760
63840576
63847102
63848558
63851285
63852729
63855568
63859200
63861546
63862327
63871746
63876020
63879001
63880200
63884363
63886837
63894871
63896056
63896133
63898591
63899098
63899927
63902750
63907031
63908219
63908471
63909093
63911947
63913411
63913782
63916737
63918387
63919101
63926533
63928813
63930703
63931038
63938488
63942332
63942518
63947871
63956884
63962809
63962847
63964203
63971712
63973352
63977557
63977692
63977983
63979256
63980084
63986490
63991684
63993356
63999012
63999313
64000395
64007421
64011994
64013876
64014399
64020152
64023139
64029433
64030277
64036102
64041288
64043865
64044537
64047997
64114856
64205388
64242612
64243167
64257928
64269771
64511543
64618904
64697165
64755724
64845251
65130003
65354624
65995759
65999154
66001447
66003784
66009280
66018268
66020339
66025182
66371422
66616920
66719505
67340232
67377469
67915592
68290348
68552047
68561868
68579942
68579943
68579944
68604966
68675374
68749911
68967506
69196445
69208259
69251491
69267510
69433218
69458943
69503273
69688783
69735985
69875906
69903194
69932080
70084468
70114399
70510990
70799530
70799531
70799532
70803189
70804556
70808651
70810132
70810133
70810701
70810702
70819599
70823464
70825264
70831479
70832162
70832427
70832428
70832687
70835098
70835584
70838767
70839669
70839670
70843773
70845619
70846717
70857647
70858672
70862560
70863361
70867052
70867300
70877399
70879035
70880301
70880314
70881146
70887381
70890260
70891633
70893785
70893786
70921245
70922552
70935412
70936913
70939230
70945205
70950330
70956564
70966346
70980449
70989680
71005691
71006407
71018993
71025797
71027515
71065622
71100957
71103706
71113336
71113384
71120000
71120829
71127340
71155184
71157279
71170855
71190793
71198552
71212684
71227380
71232522
71290406
71292066
71298736
71303830
71329463
71333218
71341104
71360032
71376418
71393615
71416357
71446394
71483087
71770321
71863244
71866914
71866915
71871234
71878456
71878550
71911184
71922785
71931642
72012350
72069186
72085908
72091757
72095763
72098093
72098816
72106456
72120113
72135176
72141300
72182935
72183913
72199982
72247959
72260040
72270839
72283534
72323572
72328782
72626210
72634460
72723040
72736656
72767008
72781952
72796634
72802756
72855585
72932900
73071792
73119946
73132701
73148508
73155483
73163678
73206731
73219901
73225233
73310439
73311151
73360371
73403538
73414772
73439818
73458564
73480348
73511595
73513432
73513934
73582897
73662427
73731732
73758255
73793747
73828736
73900426
73987288
73987308
74046707
74095007
74118202
74162989
74171406
74220117
74221907
74267855
74273366
74279980
74281897
74328039
74349860
74409561
74417035
74487236
74498248
74507024
74509627
74511839
74512024
74518507
74522059
74537099
74540591
74542275
74562873
74591254
74602392
74603410
74621214
74650103
74652913
74692686
74695091
74801931
74807134
74807843
74808167
74812067
74812734
74826261
74828486
74829842
74830483
74830541
74834357
74840015
74844916
74855256
74857679
74862250
74863237
74863882
74864103
74871898
74874359
74875596
74876033
74876034
74878595
74879806
74880944
74887564
74891297
74891847
74892987
74893578
74898672
74899559
74901139
74905563
74907641
74922062
74923924
74930846
74937327
74943771
74949977
74950931
74953274
74954540
74956169
74959931
74981781
75147200
75319911
75321676
75323115
75327997
75334190
75337790
75341423
75353014
75354547
75357960
75358093
75361603
75362010
75368431
75369738
75370245
75370246
75371300
75380917
75389910
75392725
75409259
75414168
75416619
75417507
75424822
75425855
75428779
75431783
75434848
75440749
75461981
75462724
75470287
75476879
75490283
75493014
75495627
75507371
75509775
75530426
75534461
75537583
75543051
75544561
75549307
75556142
75560525
75560823
75571308
75576224
75581624
75585630
75593465
75602816
75614266
75615372
75616429
75618888
75634512
75642355
75654518
75663441
75677206
75679942
75694415
75699744
75702571
75709293
75712289
75712782
75720029
75721069
75736385
75754373
75762864
75784163
75784666
75791184
75805930
75819544
75825094
75838518
75866714
75871124
75873777
75900087
75900654
75911268
75915089
75921678
75927364
75931460
75955485
75984837
75998235
76021032
76031397
76037630
76065908
76072059
76080297
76080321
76081605
76085334
76089504
76092318
76093809
76102583
76140875
76266681
76358001
76391652
76401279
76429920
76432010
76459590
76493877
77048663
77068058
77100794
77213147
77216903
77254679
77262668
77282413
77358200
77418666
77492514
77611075
77641834
77653463
77661404
77689950
77762923
77859288
77997534
78173494
78179656
78184814
78185440
78216093
78216681
78218202
78241148
78242347
78265858
78269169
78279556
78280350
78436934
78439239
78467053
78469439
78484246
78485361
78509485
78513832
78521499
78544600
78580619
78586301
78710540
78717073
78735925
78739568
78746898
78753906
78756230
78775004
78776971
78788969
78796057
78796296
78800439
78801164
78803537
78808228
78810282
78814766
78826002
78826046
78826431
78845598
78872346
78891502
78914630
78928718
78937023
78963627
78983538
79014835
79034292
79051710
79055303
79073547
79074937
79161779
79182844
79194208
79215156
79293840
79294863
79348609
79380197
79383229
79387809
79402511
79438502
79485282
79493763
79502309
79522257
79531733
79543156
79584857
79584891
79609287
79613465
79642969
79652810
79656316
79668009
79722725
79741802
79762670
79781893
79784636
79796161
79820511
79823611
79870723
79873830
79891208
79896909
79901472
79908046
79936790
79937157
79961735
79989022
79997681
80060816
80090814
80096551
80108529
80121438
80142603
80145868
80158411
80163089
80204125
80223284
80364564
80423313
80429406
80474928
80913692
80981911
81001479
81648860
81666376
81674779
81693160
81725809
81727029
81727050
81734747
81742158
81745386
81980464
82043278
82071008
82071644
82076503
82078368
82088042
82093431
82093599
82094913
82113564
82119102
82130470
82131611
82135511
82148811
82150936
82160661
82165153
82183834
82189923
82191048
82195866
82195939
82202236
82218033
82219103
82226317
82226634
82229812
82233191
82248521
82258790
82265524
82274445
82285071
82295225
82296992
82303534
82308250
82314520
82323055
82337186
82339025
82342197
82347706
82350124
82370032
82372274
82390886
82393939
82426117
82427139
82432178
82438455
82438905
82455969
82467715
82468312
82470871
82542096
82564307
82568854
82577671
82578653
82579531
82581568
82581736
82582389
82585661
82587397
82588189
82588461
82588462
82588712
82589348
82589830
82590769
82592875
82592876
82594187
82596377
82596395
82596430
82597415
82598456
82604159
82604735
82605666
82609427
82609428
82611675
82614010
82616955
82617531
82618752
82621385
82624788
82624972
82625778
82629147
82629536
82630715
82635839
82641685
82643675
82644006
82644474
82644689
82646478
82648792
82652188
82656921
82659460
82663335
82674657
82678923
82679483
82681872
82684101
82685316
82687041
82690995
82692150
82695252
82700316
82700599
82708048
82718552
82723347
82728854
82733441
82735689
82738158
82741508
82747288
82751708
82754258
82756267
82757549
82758246
82772370
82773265
82781890
82784214
82784700
82787404
82789295
82792296
82802342
82817281
82817884
82825233
82832141
82847057
82859106
82865942
82870686
82874087
82878534
82887919
82889252
82903967
82926887
82934614
82961436
82966030
82967982
82973131
82976518
82979825
82980437
83006553
83007154
83013628
83016633
83021881
83029700
83030852
83035169
83055078
83055734
83059584
83063266
83066878
83075663
83076119
83078501
83084551
83084625
83090187
83100335
83107924
83108311
83117056
83119474
83131620
83150783
83154278
83156797
83157901
83158184
83160115
83165593
83167949
83170514
83179453
83181011
83192945
83212219
83224658
83266107
83277832
83285297
83304431
83320149
83322313
83335293
83347087
83348088
83367440
83395011
83479613
83480179
83601929
83604990
83622483
83624615
83624723
83629470
83636576
83640233
83640874
83641678
83642262
83647947
83648301
83650132
83651332
83659646
83660179
83661388
83675337
83678287
83684803
83699930
83702549
83710100
83722359
83724011
83724370
83724824
83730739
83733519
83735822
83770518
83779003
83779205
83797192
83797772
83799334
83810369
83811084
83815165
83821352
83825828
83844217
83847899
83857123
83858486
83860166
83860544
83863167
83880689
84068624
84794603
84883009
84904754
84925286
84926853
84947072
84958576
84971763
84977878
85007475
85010287
85053057
85090315
85090541
85100615
85106931
85115805
85134758
85137236
85140664
85149181
85155951
85165748
85167939
85193542
85199766
85213495
85227495
85241692
85241980
85248687
85248977
85250838
85253126
85270726
85276665
85280317
85299143
85303929
85330765
85343699
85363254
85371403
85386846
85399836
85419095
85622213
85776618
85800448
85881897
85931222
86199614
86371097
86460980
86476693
86724916
86725280
86726644
86728534
86747527
86750477
86765576
86786562
86795604
86802426
86802933
86811081
86827868
86828558
86848329
86890594
86912586
87231715
87278164
87282951
87478505
87731197
87762541
87768928
87790246
87827658
87981244
88005733
88015055
88091551
88099252
88100856
88108717
88155113
88203193
88228644
88234443
88295385
88298402
88301441
88326076
88352763
88355391
88379251
88492110
88523173
88533408
88558993
88975163
88988240
88988248
88989370
88996602
88997765
89000940
89001827
89002606
89003046
89003263
89007048
89010173
89010991
89011160
89013267
89015901
89017700
89019472
89022211
89022212
89026989
89030420
89037951
89040010
89050591
89053485
89058393
89069699
89070783
89090999
89097280
89109599
89110095
89111797
89112513
89116064
89118315
89124954
89125396
89126429
89128842
89129342
89132040
89132592
89133866
89134162
89136021
89139561
89143691
89153704
89158808
89174477
89184148
89195275
89207706
89210995
89223066
89227173
89230066
89232776
89244598
89254191
89273016
89274615
89275904
89278316
89283507
89293660
89297753
89303133
89309221
89309222
89315607
89318650
89326073
89345486
89363853
89365058
89367082
89369895
89373351
89373467
89382351
89389250
89392118
89392524
89394216
89400152
89407323
89408235
89409998
89414315
89435773
89453678
89460467
89465617
89484697
89507875
89512076
89520112
89521346
89523675
89528701
89537265
89542003
89547076
89552628
89555274
89555584
89557349
89557749
89563724
89565995
89570554
89573908
89588207
89607554
89617689
89617873
89620759
89626079
89634534
89641328
89644276
89648103
89659833
89666022
89676015
89679600
89681245
89682113
89683226
89689870
89692052
89693041
89697600
89698278
89712585
89714600
89721501
89729687
89729790
89733882
89739885
89745635
89748325
89753222
89761633
89776832
89782185
89786961
89787811
89790393
89795180
89796960
89819986
89824414
89825784
89833632
89841410
89845667
89848980
89856108
89863663
89876141
89892272
89895018
89899218
89902221
89909476
89924885
89927429
89932785
89951461
89958304
89960439
89962034
89966368
89973646
89982161
89982808
89996196
90004362
90009319
90013083
90019662
90030382
90032579
90043584
90044698
90060182
90073112
90080062
90085262
90098562
90123398
90123801
90124340
90128101
90130973
90134477
90147443
90150574
90160926
90168499
90169141
90175870
90191884
90203122
90203386
90206020
90210092
90210271
90216688
90219115
90231378
90236307
90239389
90241691
90248635
90253565
90268194
90283176
90284423
90288590
90288777
90292186
90304199
90305637
90316782
90324521
90330658
90334369
90338450
90363657
90364601
90389053
90415115
90424745
90428905
90444558
90460264
90465520
90482821
90493135
90516516
90523555
90523873
90524623
90544942
90549516
90550758
90565204
90569715
90576721
90578876
90586921
90599223
90600365
90611497
90616197
90617258
90624014
90630043
90646908
90657307
90657857
90667619
90669417
90676915
90691151
90722507
90738555
90752505
90827126
90831811
90832127
90837081
90849465
91292357
91389413
91466801
91473568
91480373
91480705
91484994
91499308
91505544
91511042
91527788
91529253
91778100
91781249
91781830
91781872
91785586
91786354
91787296
91794269
91799128
91800194
91800660
91802359
91803870
91803871
91811654
91815797
91818877
91820553
91820605
91821760
91832431
91846444
91846568
91850946
91853232
91860591
91881883
91937715
91961359
91961696
91976717
91981403
91984547
92024267
92099453
92112995
92131192
92155057
92267492
92273585
92283806
92303588
92308381
92308506
92313473
92321656
92346759
92380788
92490995
92517931
92528340
92541544
92568640
92593278
92608750
92619245
92626255
92634100
92643757
92645495
92676749
92682522
92705503
92710760
92712749
92733664
92736384
92738844
92756383
92780391
92795688
92799311
92816229
92818142
92823548
92825088
92870633
92886874
92887940
92891925
92906857
92918917
92920275
92925018
92932774
92941748
92942665
92954617
93011426
93020937
93056905
93058969
93059880
93069042
93069277
93073874
93075485
93078230
93078741
93080637
93081085
93096292
93100465
93100967
93102060
93105070
93109697
93116164
93119668
93131752
93133808
93138147
93139510
93141647
93143561
93143966
93144008
93149086
93158345
93162132
93164799
93166292
93167610
93170540
93171716
93176513
93177686
93190703
93190783
93191583
93191783
93197348
93198100
93205623
93213514
93217365
93222819
93235021
93235435
93236115
93236344
93242699
93243879
93248803
93251045
93256947
93260046
93260368
93264495
93270602
93273451
93280417
93283964
93287657
93287863
93288770
93290773
93298044
93299761
93302032
93312358
93318504
93319017
93325826
93331136
93336984
93347323
93365659
93372226
93388959
93390121
93394923
93395760
93398934
93402799
93415653
93417382
93428858
93432937
93442131
93443969
93444196
93450777
93457996
93460835
93469745
93718145
93733775
93742049
93748082
93755033
93767443
93779069
93804236
93823181
93867651
93885409
93907224
93914148
93931054
93937099
93961466
93977685
94051664
94081215
94104001
94219406
94229195
94242563
94259529
94505181
94513128
94529537
94685286
94785204
94789385
94924333
94962111
94970340
94973750
94996761
95004223
95007958
95020772
95028257
95028491
95036162
95042757
95071617
95072865
95088721
95109336
95116058
95136543
95136609
95151690
95183935
95192961
95196471
95196993
95207577
95306948
95326511
95349765
95354585
95372827
95379852
95393752
95415812
95421213
95440495
95466461
95477257
95510098
95510136
95527128
95531394
95538495
95543942
95549347
95551922
95558312
95558366
95561095
95561096
95561837
95562453
95569986
95570656
95580092
95580711
95584416
95593662
95594549
95604060
95617507
95622681
95623337
95629223
95633740
95640008
95642334
95654787
95655514
95657616
95664840
95669212
95674872
95678846
95679646
95684021
95687038
95687306
95693363
95718126
95722509
95725040
95730236
95734364
95739237
95740656
95775313
95975188
95976623
95979517
95979518
95980750
95980875
95980876
95981177
95981250
95981412
95981413
95981493
95981494
95981783
95984037
95986959
95987820
95989118
95989252
95989253
95989255
95989366
95990752
95992207
95994337
95995747
95995748
95996835
95996836
95996837
95997878
95998127
96001131
96002901
96003700
96003701
96003786
96009917
96010939
96011383
96011629
96011658
96011659
96012062
96012885
96013239
96013311
96013312
96015329
96015330
96016971
96019422
96020203
96022781
96025569
96025854
96025855
96025856
96025857
96028679
96028877
96028878
96029772
96030303
96030304
96033895
96042610
96042980
96045980
96048089
96050367
96053160
96053734
96058620
96061273
96061274
96061332
96062785
96066837
96070984
96071295
96073354
96075692
96078372
96083156
96083689
96084005
96085960
96089902
96092763
96098027
96105101
96106480
96110372
96111055
96112039
96114912
96118933
96118934
96123261
96123262
96123563
96133395
96134339
96137165
96137269
96139486
96148733
96169950
96169964
96171663
96175767
96175851
96177528
96180940
96204989
96206190
96206636
96209848
96210234
96218481
96224024
96232445
96235535
96246211
96251902
96257889
96258961
96274430
96282869
96292156
96302379
96303359
96311616
96317703
96322841
96339515
96340807
96346723
96348599
96350131
96359366
96365358
96379550
96381500
96381731
96403720
96410717
96418442
96454553
96464419
96500531
96500532
96507280
96510821
96511384
96513086
96515225
96572851
96582527
96582747
96588213
96613517
96622552
96635164
96635896
96637084
96639130
96639343
96648616
96648968
96649954
96650159
96653857
96657290
96660338
96667445
96668609
96668835
96678368
96678393
96679315
96679538
96682048
96682705
96685298
96686786
96700741
96701784
96702439
96704775
96715086
96716495
96721721
96726969
96729014
96736286
96748910
96749756
96749757
96750358
96756603
96763655
96763738
96764719
96765372
96768853
96771441
96775644
96782504
96783298
96783366
96784090
96787455
96796161
96799972
96801585
96801586
96806683
96806858
96809986
96814210
96822594
96825077
96827106
96831105
96835661
96846403
96853814
96875164
96880215
96892519
96896857
97001349
97089138
97126828
97327723
97328336
97329991
97331937
97333002
97334594
97335650
97339153
97339994
97342863
97344123
97344416
97350258
97351263
97360215
97360497
97368596
97369661
97371631
97371632
97374563
97377840
97383114
97403750
97409418
97409658
97432235
97434830
97435253
97439906
97443014
97444288
97452311
97456868
97457975
97501300
97508979
97524002
97529077
97532469
97536535
97610980
97680130
97687535
97693000
97695382
97713252
97717087
97722214
97725838
97742677
97750451
97763351
97764274
97768134
97780679
97786696
97790463
97792656
97793263
97795225
97802424
97805443
97806560
97808729
97821074
97823839
97827269
97827808
97829817
97835282
97842961
97846423
97848204
97857092
97857667
97871874
97887985
97896722
97919857
97922867
97927729
97940037
97940788
97949546
97951236
97960484
97967119
97976538
97987866
97991048
97996569
98003631
98010843
98034010
98059540
98071538
98072312
98085371
98121010
98171536
98171537
98175703
98182008
98192910
98203199
98223520
98244278
98301976
98320730
98322781
98354219
98371621
98379321
98390925
98707204
98767118
99104040
99254724
99449912
99449913
99456332
99466859
99470576
99527158
99555519
99557346
99599800
99619653
99640295
99642346
99642786
99649776
99669320
99671311
99681846
99694063
99694105
99697104
99721049
99736960
99752820
99813341
99853066
99872476
100131215
100135525
100267950
100278600
100279216
100284326
100306119
100469472
100911227
100944823
100952533
101105248
101121023
101133318
101133370
101136989
101155249
101158077
101190352
101194698
101203853
101206112
101231141
101235198
101256858
101267119
101275001
101296488
101296796
101300536
101300558
101302419
101318915
101324258
101343108
101350858
101373435
101385325
101433538
101460950
101476784
101478318
101572591
101574666
101578766
101729314
101752483
101882035
101888728
101920083
101964463
101987943
102031505
102467923
102492981
102947157
103258114
103569619
104507860
104585154
104929298
105052718
105459526
105770735
106713622
106753287
107069639
107369622
107381519
107385990
107390051
107393463
107397371
107405463
107405615
107407582
107411269
107411388
107411701
107415884
107420432
107422395
107423587
107424733
107430366
107434125
107437058
107439770
107442678
107443915
107448274
107448296
107450264
107450789
107451898
107452121
107462493
107465016
107466603
107467717
107468131
107468921
107469521
107473375
107478249
107478253
107478944
107482671
107482759
107498141
107508845
107513604
107520525
107522114
107532664
107537217
107545673
107548863
107553413
107556995
107557590
107562815
107569037
107569249
107580908
107586353
107597972
107616172
107620665
107643299
107646006
107647312
107655832
107667103
107700237
107705392
107722050
107725150
107726282
107744166
107755885
107763108
107773451
107775936
107784580
107784730
107802458
107810172
107813886
107821776
107822116
107833773
107848743
107863283
107870877
108005408
108041579
108041580
108062629
108064322
108303410
108317446
108321958
108334287
108335000
108530407
108573194
108579625
108580645
108580854
108582768
108582879
108591007
108592888
108592890
108594924
108596759
108599046
108610225
108610226
108610409
108610553
108612459
108618891
108620642
108624307
108625292
108628985
108629719
108633111
108633434
108633852
108634012
108635017
108643524
108643648
108647810
108656345
108660754
108666270
108670709
108671147
108672036
108675597
108675598
108680513
108683837
108690198
108690199
108690570
108694783
108700063
108705236
108709472
108710876
108710877
108711082
108711393
108719376
108720671
108724955
108735163
108739369
108741072
108743031
108748122
108759463
108760600
108761090
108772728
108783970
108800748
108807469
108818742
108819939
108820824
108821995
108822889
108832832
108833304
108834984
108837639
108841812
108846756
108855464
108870520
108871071
108876835
108886985
108893805
108899337
108903103
108906777
108910811
108915464
108928082
108942047
108943944
108945262
108948952
108954985
108987814
108988007
108989315
108992818
109003127
109030799
109033350
109035967
109036776
109038688
109043441
109053076
109057397
109058071
109072224
109091975
109097241
109098221
109098977
109107805
109108985
109115327
109120830
109129095
109169677
109171196
109189656
109192808
109240666
109241331
109245321
109294679
109372685
109425027
109451613
109478907
109479582
109485823
109506881
109516339
109529627
109534389
109553485
109636466
109636973
109637509
109657773
109660456
109664066
109667515
109670572
109674234
109676941
109689711
109705174
109711861
109720803
109722781
109733364
109739910
109755343
109764966
109771006
109771504
109787268
109796440
109797513
109804707
109806705
109822843
109831195
109832843
109848590
109854848
109887798
109915764
109930685
109931537
109931680
109931865
109942896
109943014
109975368
109979305
109982229
109988419
109989557
109989558
109994292
109999706
110002329
110008317
110010457
110014781
110015474
110024904
110041294
110045474
110045573
110057688
110069957
110070465
110092298
110111306
110112493
110126432
110128001
110128887
110137129
110137133
110139183
110146718
110148002
110155901
110179891
110183551
110186376
110194239
110212084
110222908
110237542
110255708
110268801
110274043
110293040
110317157
110324525
110330718
110340982
110347160
110347433
110347437
110349932
110350268
110350929
110351560
110352777
110353323
110355019
110360186
110360423
110360859
110361460
110362357
110362638
110363530
110365610
110367525
110368704
110370024
110370143
110371342
110371698
110372574
110372767
110372768
110373479
110373544
110374070
110375874
110378123
110378375
110379644
110382982
110383403
110384029
110386445
110386446
110387537
110390299
110391857
110392654
110393681
110394463
110396034
110396199
110396724
110397035
110402873
110404398
110405795
110406475
110406627
110406628
110410706
110411360
110412900
110416084
110416379
110420711
110421312
110422669
110423234
110424484
110424972
110427953
110431541
110434552
110435866
110436121
110442156
110443436
110443788
110446372
110447777
110449223
110454857
110456777
110461223
110462897
110466856
110469835
110470066
110470930
110473981
110474641
110474787
110475341
110483877
110484251
110484668
110485376
110492141
110493110
110496561
110496601
110497179
110497615
110499017
110500027
110504243
110504257
110512536
110517139
110521603
110521709
110521886
110523188
110531600
110533740
110535883
110538098
110538997
110539093
110547736
110558617
110563436
110568685
110570120
110573937
110576269
110576367
110578412
110592353
110596523
110597366
110599850
110604419
110605834
110606416
110607774
110610921
110617353
110620449
110621847
110623220
110624358
110628982
110648470
110650563
110654731
110661439
110673780
110675119
110678132
110678371
110678372
110678373
110678963
110681658
110682296
110683024
110683211
110683341
110684176
110684623
110686995
110687728
110690002
110690406
110690407
110692791
110692792
110695257
110695683
110697919
110699415
110699442
110700594
110701273
110704745
110706388
110708088
110711270
110712963
110713018
110716305
110716864
110716938
110717092
110717372
110717719
110717720
110718353
110720282
110720900
110723961
110725175
110726495
110728428
110728528
110729865
110730403
110734755
110735442
110735924
110737597
110742801
110747148
110750388
110751371
110751481
110752236
110752483
110753069
110753160
110753731
110753893
110754060
110754342
110754501
110755046
110755116
110755949
110756012
110756016
110757992
110761668
110766771
110768899
110769082
110769202
110774770
110777063
110777180
110778604
110778985
110779343
110779579
110780170
110780602
110780649
110784666
110785065
110787111
110788706
110789169
110790508
110793022
110796862
110796875
110800913
110804687
110804823
110805695
110806108
110809280
110809834
110811679
110811680
110811740
110812091
110812781
110813289
110813708
110814242
110816764
110816765
110818408
110821446
110821952
110824496
110826514
110828684
110830057
110830508
110830557
110831429
110832634
110833240
110835432
110837912
110841381
110841530
110846403
110846862
110848420
110851053
110853356
110854110
110860085
110862456
110863091
110863426
110864580
110867874
110867898
110872147
110873289
110873750
110880375
110886937
110888695
110889948
110890666
110891500
110891993
110892192
110893817
110894114
110894207
110895345
110896269
110903655
110910954
110912622
110913723
110914646
110914761
110915171
110916243
110920769
110921832
110924473
110924856
110926428
110927143
110932865
110936681
110936724
110938697
110939703
110940265
110946797
110948730
110950782
110951963
110952181
110953319
110953391
110959418
110960094
110964163
110964938
110966902
110967139
110968936
110968995
110969318
110971766
110973274
110976287
110979588
110980767
110981894
110982700
110985583
110986839
110986926
110988062
110989522
110990330
111001940
111002596
111006163
111006202
111008384
111009945
111010462
111016927
111018397
111023118
111023445
111024522
111028213
111029068
111031385
111031612
111032534
111033646
111038681
111039843
111041352
111047643
111048655
111049596
111057484
111062791
111065463
111067834
111069007
111072707
111075756
111079682
111082456
111084697
111085001
111088594
111091452
111093473
111098962
111099514
111100113
111101997
111103903
111105386
111106936
111109643
111109726
111111615
111112629
111112786
111114526
111120838
111122574
111126717
111128588
111130532
111135503
111143748
111145387
111151329
111155625
111159777
111164750
111167685
111168015
111172014
111173152
111173344
111174563
111177188
111181989
111186085
111186912
111192704
111194859
111206807
111214216
111217554
111218242
111221047
111225106
111226139
111233137
111236174
111249106
111252309
111260342
111265016
111267835
111267869
111270712
111274869
111275805
111276715
111282872
111293328
111296409
111330538
111488239
111552469
111553555
111554993
111555170
111557008
111557438
111557716
111557975
111558928
111559130
111561373
111561374
111561819
111561846
111562360
111563159
111563160
111563715
111564414
111564415
111564585
111564586
111564893
111565873
111565876
111568679
111569865
111569866
111570147
111570523
111570620
111570621
111570683
111570791
111571227
111571631
111571632
111573584
111574024
111574025
111575361
111576259
111576288
111576357
111576629
111577066
111577072
111577169
111578060
111578154
111578449
111578450
111579043
111579990
111580263
111580949
111582727
111584142
111585938
111585939
111586740
111587335
111588672
111589662
111590006
111590475
111590476
111592887
111606196
111606863
111606864
111606865
111606866
111608495
111608526
111612238
111613660
111613845
111613880
111616649
111619766
111619992
111623956
111624183
111627889
111630619
111633763
111636587
111637073
111638191
111640969
111641143
111642774
111644104
111644450
111646904
111647059
111648297
111651709
111652898
111653337
111654301
111655983
111658536
111660978
111661233
111661719
111663757
111666046
111666180
111666884
111675897
111680458
111684373
111685409
111686134
111687800
111692628
111699091
111699547
111705306
111705479
111706876
111708117
111711734
111712015
111717191
111721004
111724904
111725077
111725252
111730042
111733746
111736273
111740626
111754565
111784161
111793358
111796051
111836505
111856208
111861524
111904855
111905485
111907608
111925570
111931000
111938833
112005537
112008968
112068374
112073810
112118150
112152104
112196431
112200866
112221402
112247381
112273112
112314830
112321313
112393486
112418054
112439312
112467423
112523539
112553946
112554265
112562521
112562524
112562525
112562526
112575328
112575699
112587855
112588121
112593310
112595484
112597827
112600450
112602561
112602748
112603159
112603160
112604114
112609029
112613189
112615864
112616337
112623029
112623652
112623949
112624397
112638068
112639334
112649435
112650140
112650506
112651585
112653866
112659415
112659470
112659471
112663414
112667247
112678168
112679623
112686816
112694371
112695783
112699320
112700112
112703528
112706275
112709463
112712025
112712242
112717465
112722940
112728285
112729870
112730314
112733889
112735611
112735926
112737477
112740049
112741653
112750687
112754128
112759848
112764921
112767689
112776406
112777616
112785458
112797342
112815471
112817078
112819706
112825474
112827055
112827482
112829056
112836371
112849533
112852494
112854502
112854739
112855930
112862055
112865905
112867566
112873022
112873177
112890506
112895492
112909653
112910586
112919289
112922764
112923576
112925289
112930427
112935222
112936276
112936277
112936278
112939613
112939735
112942064
112942365
112943289
112943558
112944120
112945067
112947901
112948565
112948566
112949321
112949322
112949992
112949993
112953816
112955233
112956627
112960075
112963467
112963984
112967748
112970289
112975600
112976618
112976820
112976869
112978473
112982542
112983178
112983283
112983596
112984987
112985229
112985345
112987015
112989052
112989885
112990221
112990487
112991549
112994762
112999798
113001610
113003281
113003282
113004766
113004927
113005206
113011006
113013327
113014854
113020876
113021849
113025605
113025820
113026423
113027569
113027647
113028542
113031674
113033085
113033487
113035313
113036834
113039961
113040588
113053610
113056163
113059343
113060871
113062957
113063983
113064106
113064283
113064833
113065906
113067865
113068125
113072113
113076399
113078141
113078893
113088057
113098108
113101248
113101363
113104143
113119151
113119489
113122392
113134472
113140597
113145570
113149663
113155887
113158691
113161624
113165805
113169540
113170671
113176518
113187614
113188521
113199298
113308270
113309699
113314805
113319382
113320934
113328022
113363297
113452583
113456500
113481468
113491807
113507619
113521707
113522582
113525086
113539259
113545164
113545512
113552174
113566174
113579470
113583902
113585978
113587105
113603227
113605034
113612209
113618127
113619149
113620680
113631305
113631524
113644153
113663675
113664997
113709639
113711732
113717760
113719627
113722702
113764827
113784066
113811542
113814875
113841693
113889413
113905087
113907482
113907483
113907886
113908558
113908591
113909831
113911033
113911579
113911777
113911778
113911779
113912618
113915172
113915174
113915865
113916749
113916750
113916751
113917871
113919160
113919161
113921631
113921949
113922343
113923002
113923003
113924214
113924251
113925804
113925825
113926812
113926913
113926914
113926915
113928498
113928499
113928656
113930558
113930673
113930674
113930675
113930676
113933500
113933501
113936155
113936158
113937114
113937571
113939193
113940274
113941450
113941862
113942560
113943286
113945924
113946764
113946765
113949623
113949667
113950610
113950615
113950747
113951207
113953350
113953888
113953968
113954582
113956926
113957370
113958188
113959147
113962462
113962463
113962464
113962815
113963205
113963206
113963413
113963414
113963837
113964567
113965602
113965603
113966817
113969435
113970014
113970015
113970016
113971951
113973189
113977525
113978888
113981351
113983999
113986067
113986253
113988004
113989011
113989898
113990967
113991665
113994718
113994947
113995014
113995666
113997211
113997507
113999977
114013312
114013720
114013898
114013899
114014613
114016228
114018341
114018384
114018495
114019589
114020090
114024067
114024227
114024269
114026478
114028752
114033932
114034214
114035187
114036449
114037632
114038039
114040598
114041272
114043420
114044522
114045057
114045682
114049372
114050342
114051763
114052145
114053324
114053751
114054853
114056291
114059964
114062002
114068830
114070244
114071200
114071201
114072209
114075345
114077838
114078993
114081992
114083362
114087523
114092049
114094074
114099858
114112819
114116027
114116520
114117458
114122442
114125818
114127544
114133299
114137429
114138408
114151315
114152666
114155308
114156513
114159864
114161664
114162566
114162934
114164931
114173327
114179599
114179907
114180692
114180694
114181780
114181781
114181802
114184884
114185581
114185990
114186496
114187610
114188438
114188439
114188440
114188441
114188705
114189369
114189370
114189597
114189941
114190716
114190717
114192411
114192485
114192486
114192487
114194195
114194199
114194200
114195077
114201063
114201960
114202293
114203396
114204435
114204667
114205876
114206211
114206330
114206589
114209765
114209925
114210160
114210161
114210328
114211640
114211731
114213493
114213494
114214728
114214890
114217706
114217749
114218236
114219533
114219591
114221426
114221784
114222209
114222245
114222423
114224282
114224558
114225554
114226317
114226339
114226340
114227630
114227631
114229657
114229658
114230079
114230330
114230331
114231661
114233197
114235854
114239236
114239568
114239569
114240026
114244063
114246076
114247803
114248406
114252407
114253472
114257774
114263585
114265106
114266021
114266492
114267696
114267952
114270809
114270902
114271378
114275313
114276149
114276150
114279812
114280608
114281597
114283274
114284874
114285873
114285874
114291498
114293880
114296791
114299056
114302258
114302390
114314517
114317006
114317600
114325107
114327988
114331729
114332934
114333032
114336607
114336904
114342672
114342919
114344955
114348062
114352771
114355288
114357139
114358535
114377848
114382853
114383844
114396164
114402444
114405630
114418172
114418374
114427501
114435256
114440693
114441776
114452465
114452681
114454918
114463604
114475888
114476457
114494041
114505042
114510509
114529976
114534220
114535091
114556175
114561459
114561464
114608529
114640534
114690825
114691621
114734772
114740997
114750092
114756914
114803739
114814671
114828051
114838793
114852175
114855720
114924801
114925372
114933754
114933997
114945997
114959290
114961525
114977071
114977273
114993384
114994326
114999035
115000967
115036735
115052029
115058874
115084040
115141710
115159681
115178432
115208065
115248832
115283005
115342374
115355604
115361365
115376854
115378377
115378378
115381298
115393014
115393015
115393016
115435067
115494453
115502084
115512285
115519168
115593633
115620381
115630426
115644408
115692007
115798303
115802942
115831813
116044288
116044289
116050623
116063469
116072312
116072997
116075707
116076216
116093609
116101922
116102261
116110517
116126344
116130559
116135326
116141821
116153506
116153516
116162941
116168851
116173631
116179543
116181241
116182105
116184502
116192887
116198532
116207959
116228196
116248915
116253368
116280591
116282171
116367725
116390962
116396840
116409735
116431056
116443632
116444672
116455932
116489990
116544298
116563552
116569750
116571568
116577031
116581329
116589942
116604098
116618699
116624960
116626498
116629949
116639842
116643317
116655919
116658265
116660381
116678343
116681871
116689671
116696809
116708140
116720560
116738061
116756430
116773722
116782950
116872960
116917075
116948113
116980152
116990225
117130548
117133613
117320290
117396540
117397657
117399362
117404090
117419235
117421773
117425376
117426498
117429864
117430180
117432558
117432632
117438234
117438778
117441406
117451219
117451281
117458437
117462974
117465415
117465416
117466494
117466495
117467602
117467807
117470998
117473252
117478743
117483532
117483964
117484794
117486126
117490944
117491685
117491984
117493547
117493575
117498505
117499066
117506759
117506816
117507449
117509511
117509615
117513441
117519246
117519480
117519882
117527806
117535603
117538503
117544909
117548942
117552747
117555994
117559705
117560003
117560293
117562607
117565884
117570278
117574002
117574327
117587703
117593105
117594709
117594845
117597136
117602099
117606695
117606860
117615620
117627188
117632747
117633381
117636678
117642775
117644583
117644620
117649163
117650156
117653418
117656694
117659466
117662344
117674758
117677903
117678576
117681124
117722780
117726211
117726609
117728626
117737846
117793769
117797394
117815008
117838192
117859419
117872692
117874300
117881649
117894778
117942311
117948707
117964359
117966787
117991987
117996145
118009270
118011879
118037689
118237315
118237532
118239309
118239732
118241280
118242931
118243630
118243945
118246804
118250286
118257224
118267598
118269857
118275003
118276498
118283358
118297796
118306663
118318080
118321548
118338766
118341116
118355728
118387854
118394377
118405217
118408013
118467095
118515413
118608685
118690908
118716792
118794456
118823608
118912975
119092333
119113906
119115114
119122884
119124169
119136343
119162278
119215933
119220155
119233400
119249216
119274199
119323557
119340221
119361149
119361553
119361966
119362439
119362901
119362902
119365018
119365743
119365821
119366219
119366976
119368072
119368782
119368783
119368991
119369396
119370037
119371824
119373793
119375345
119377343
119383314
119385938
119389834
119389910
119392575
119397810
119406109
119410256
119411292
119415864
119417396
119434281
119436838
119437468
119439523
119452290
119461690
119481552
119484404
119495593
119501484
119512176
119515908
119523589
119548423
119560510
119561874
119569544
119594510
119606245
119607875
119623046
119646556
119674085
119674086
119674476
119674637
119676604
119678378
119681254
119681557
119686552
119687265
119687577
119687578
119687641
119687796
119690242
119690964
119693132
119693133
119710759
119711591
119748013
119750109
119750110
119777392
119800491
119802896
119811746
119811943
119825477
119832654
119842313
119851277
119860643
119862420
119866688
119916705
119917184
119957609
119980523
120032520
120039757
120045516
120073484
120091457
120097581
120118109
120123172
120125851
120132373
120132374
120134177
120134555
120139290
120139933
120140766
120140930
120142289
120144444
120145052
120150172
120150507
120151694
120151806
120152081
120156471
120160999
120161732
120164583
120165400
120165711
120165876
120166811
120167083
120167300
120167394
120168037
120168038
120168988
120169381
120169484
120172177
120175595
120177474
120178692
120180433
120182235
120183186
120187687
120188987
120190663
120195491
120201974
120203736
120204184
120205889
120208663
120211760
120212667
120214081
120214910
120218879
120220229
120224472
120224851
120225780
120226033
120239791
120246979
120249237
120253363
120255813
120257391
120258632
120260387
120260876
120262422
120266795
120385012
120399491
120404680
120417771
120423423
120424922
120433371
120459554
120482037
120524963
120550229
120556600
120561247
120592476
120640296
120657004
120669274
120676105
120718405
120732107
120735221
120736545
120737301
120740453
120748041
120751637
120760034
120771993
120779588
120781608
120791971
120807825
120813454
120854444
120865451
120942088
120949272
120953301
120957759
120982201
120986360
120988254
120991289
120995191
120995551
120995552
120996300
120998581
121000593
121003947
121005352
121006723
121007396
121009241
121011225
121011879
121014832
121014892
121014894
121017207
121019678
121019847
121022893
121025003
121025281
121027461
121027589
121028871
121029141
121030318
121030495
121031437
121035050
121035491
121036062
121040420
121041409
121042105
121042483
121049407
121051041
121060225
121067041
121076851
121093962
121100119
121134367
121134812
121142345
121170833
121192021
121193117
121193388
121230349
121248925
121272247
121300626
121303899
121315925
121356805
121382319
121419020
121419173
121444243
121492013
121532178
121539030
121693999
121703797
121821822
121832470
121999177
122189839
122279444
122378566
122529656
122574621
122692961
122732041
122739793
122739794
122740310
122747690
122758481
122788066
122810048
122810602
122826361
122844016
122860389
122867537
122885425
122895349
122896437
122897184
122899636
122906800
122956566
122974140
123012791
123019128
123026362
123049356
123051455
123054556
123087459
123088706
123094701
123095382
123110138
123118579
123151002
123162299
123202462
123212540
123237775
123245507
123261981
123301262
123331437
123336808
123372166
123402262
123403101
123404246
123426129
123435575
123470746
123493485
123527707
123530256
123837126
124015252
124082119
124757239
125873958
125875061
125875062
125875782
125876233
125876422
125877959
125878237
125878238
125878312
125878731
125878987
125882067
125882068
125882256
125882257
125882258
125882746
125883876
125886136
125886253
125886254
125886536
125886553
125886635
125886725
125888248
125888249
125889132
125891265
125892287
125893467
125893468
125898160
125899862
125900050
125901150
125904507
125904862
125905052
125911246
125911594
125911849
125915549
125916743
125917086
125918654
125922995
125924964
125925113
125926623
125930739
125931460
125933418
125933537
125935638
125935928
125936050
125944524
125944878
125946078
125950092
125950175
125955610
125955869
125956314
125957830
125958277
125958697
125959220
125960476
125962549
125963254
125965221
125970635
125971587
125972189
125978645
125979077
125982266
125983134
125986740
125988438
125991086
125996982
125997387
125998404
125999044
125999538
126000111
126000304
126007857
126010686
126010756
126012069
126016408
126016741
126027067
126029027
126031247
126036864
126043767
126044076
126044195
126044668
126047087
126050478
126051617
126054301
126057735
126068739
126069145
126070508
126070821
126071060
126079407
126082441
126082875
126088878
126096489
126097211
126098946
126102787
126103902
126104015
126121990
126122854
126123657
126126164
126129708
126139782
126177648
126228245
126240468
126287810
126316246
126492053
126525926
126605928
126608121
126613036
126614658
126616158
126618295
126618597
126621488
126631902
126634935
126635224
126640275
126644085
126644585
126656051
126661417
126665826
126667310
126671116
126672991
126675026
126679313
126686212
126689489
126691825
126695348
126695711
126696121
126699856
126710047
126716266
126741423
126754785
126764040
126766146
126786080
126788898
126818731
126835313
126985389
127018200
127264997
127414930
127417134
127417135
127418599
127423164
127428803
127430594
127431959
127434637
127437931
127439710
127441724
127442379
127460291
127466715
127471212
127479629
127480578
127515677
127543194
127549365
127572436
127597400
127597743
127601658
127602335
127606217
127624179
127650002
127651000
127653109
127655532
127669288
127765241
127790565
127790566
127792486
127792487
127793342
127793344
127793411
127793412
127793413
127793574
127793575
127793576
127795162
127796858
127796859
127796860
127796917
127796918
127796987
127799104
127799106
127799259
127803051
127803052
127803841
127806309
127806310
127806365
127806366
127806494
127806495
127810053
127811291
127811892
127812594
127813511
127813953
127815315
127817562
127817563
127817564
127817565
127818906
127820285
127823171
127824312
127824653
127825056
127825709
127825714
127825715
127826594
127826626
127826627
127827020
127828124
127828428
127828595
127828999
127829165
127829603
127829604
127829792
127829793
127829794
127831990
127832435
127835315
127835579
127836492
127836643
127836926
127837317
127838953
127839428
127844980
127845590
127845591
127849141
127853254
127853780
127855348
127855733
127855965
127856295
127858603
127860178
127861954
127862224
127864794
127869217
127873604
127874459
127875769
127877624
127879684
127883141
127891291
127891628
127893039
127893375
127904189
127906725
127907971
127913007
127913583
127917859
127927189
127933140
127933141
127939440
127948522
127949638
127954997
127956818
127961310
127965851
127978331
127987083
127988754
127993470
128002919
128012002
128014076
128014667
128015599
128016654
128027511
128029127
128047338
128047339
128047340
128047341
128049248
128049249
128051336
128051337
128051338
128051475
128051476
128051782
128052559
128052693
128052782
128052783
128052784
128053205
128055444
128055852
128056458
128056459
128056860
128058104
128058590
128058849
128059471
128060240
128060416
128061385
128061968
128064021
128066086
128068188
128073345
128073426
128073566
128075049
128076856
128077900
128082676
128082802
128084117
128089489
128092289
128093301
128093557
128101298
128105088
128109394
128109875
128121302
128123071
128123799
128124574
128130750
128131039
128133463
128134595
128134905
128135099
128135208
128138483
128139133
128140050
128143225
128154642
128157855
128160171
128164373
128167797
128170029
128170766
128173621
128177266
128194229
128194230
128194407
128195537
128195538
128195539
128195782
128197109
128197874
128198324
128198955
128199703
128199704
128200036
128200231
128200774
128201152
128201230
128201231
128201723
128201937
128202122
128202556
128202819
128202820
128202821
128202822
128203390
128203515
128203538
128204134
128204326
128204327
128204735
128205109
128205671
128207555
128207618
128207641
128209501
128210512
128211714
128212817
128214172
128214173
128218190
128218191
128218839
128220446
128222118
128224548
128224564
128224703
128225594
128226725
128226726
128231221
128231222
128234600
128237658
128238327
128239406
128240202
128247371
128250461
128252769
128253627
128256034
128256600
128257131
128260445
128262475
128266831
128267074
128267086
128270593
128292254
128294101
128294964
128295640
128298041
128304081
128310772
128317471
128318219
128325828
128329098
128330939
128336259
128336300
128352645
128355759
128360605
128363901
128366145
128368583
128372795
128379915
128388914
128388917
128391995
128424329
128424815
128443646
128464990
128465055
128465200
128466408
128466763
128466790
128467889
128469383
128471606
128471607
128477621
128486127
128489777
128514464
128529008
128542032
128565952
128568304
128573115
128603202
128630063
128701940
128706286
128732639
128747679
128759564
128763125
128795183
128796338
128797131
128797419
128798949
128802015
128803326
128803649
128803758
128803759
128806745
128807134
128807348
128808586
128809004
128810084
128812456
128814227
128815333
128818251
128820292
128821326
128824265
128824778
128826558
128827630
128827843
128832824
128833873
128833874
128837092
128837885
128840815
128844027
128845214
128846272
128846368
128849161
128849411
128852120
128854094
128868995
128877567
128882539
128892069
128897931
128908262
128920524
128926557
128938967
128948050
128969986
128971255
128975089
128976653
128996086
128996745
128997930
129008793
129009426
129013681
129015966
129027541
129033946
129038636
129069170
129071110
129095456
129096198
129096235
129101299
129101785
129102005
129102332
129102913
129103990
129105016
129109029
129113113
129113548
129113549
129113550
129114694
129115276
129115962
129117420
129119539
129119798
129120951
129122553
129122656
129122841
129123206
129123550
129123702
129125915
129127630
129127881
129127882
129129626
129130198
129132752
129135372
129137385
129138873
129139575
129143155
129145678
129145679
129147166
129148780
129151150
129151151
129154014
129154830
129157065
129157315
129158187
129160241
129169139
129175962
129176553
129179760
129183683
129186614
129186615
129187334
129194175
129195329
129198213
129199389
129201613
129225254
129227125
129236624
129242990
129243834
129245106
129245921
129252003
129256536
129259892
129265996
129274767
129280450
129291746
129303905
129303906
129303907
129305018
129306611
129306612
129306714
129308463
129308759
129309126
129310205
129310442
129310443
129314252
129314415
129316713
129319569
129320750
129320751
129320928
129321378
129322424
129323569
129323632
129329485
129331326
129339757
129341165
129342014
129344205
129352342
129354743
129369802
129381250
129401669
129455155
129469359
129562626
129596977
129641295
129687150
129792720
129811109
129820651
129903273
129942420
129957397
129984567
129986311
129986312
130011006
130034155
130113778
130140310
130150446
130151246
130284718
130431501
130611163
130613959
130618381
130619198
130619199
130619200
130622457
130623901
130624796
130626023
130626024
130626025
130633231
130633232
130635990
130635991
130637034
130637035
130637633
130638916
130639979
130640860
130646562
130655895
130660362
130675642
130681421
130691627
130695280
130699601
130704807
130709747
130710606
130711305
130714175
130731191
130732093
130757143
130773353
130800470
130847868
130884085
130889041
130945735
130988293
131047665
131053535
131261056
131351070
131476012
131542206
131546531
131649229
131662816
131672295
131684537
131693177
131742006
131789637
131797117
131813924
131837638
131875336
131886741
131934174
131938211
131959874
131961713
131972641
132029435
132046341
132059942
132098717
132117750
132145222
132278354
132322441
132361591
132453919
132558971
132624302
132640634
132644325
132657038
132687630
132697156
132745429
132767368
132776324
132778527
132788315
132802724
132863353
132908376
132935015
132994055
132997144
133021360
133071030
133078033
133094048
133140959
133297424
133341675
133387590
133413767
133490131
133493987
133507544
133511899
133599756
133637552
133637590
133639399
133639400
133639708
133640812
133640813
133641115
133641366
133643571
133643572
133643681
133643759
133644191
133645178
133646021
133646022
133647038
133648366
133648579
133648946
133650893
133651311
133652034
133653388
133654305
133656291
133658219
133658488
133658688
133660741
133661286
133664270
133664952
133664953
133665077
133667492
133667726
133668202
133668453
133669277
133669686
133670691
133670926
133673424
133673730
133673771
133674807
133674825
133676340
133678619
133679065
133680601
133680648
133682567
133682626
133683694
133683695
133686265
133686268
133686612
133686686
133686799
133686928
133688253
133688807
133689169
133689609
133690001
133691156
133692776
133693177
133693254
133693382
133693581
133693798
133694597
133695388
133698176
133698334
133699602
133699879
133699902
133700341
133701021
133704498
133708315
133709418
133709507
133710964
133714002
133714221
133714927
133716066
133718125
133722098
133724724
133724795
133726926
133727189
133727439
133733491
133738082
133740155
133746562
133747977
133747978
133748704
133749812
133751281
133752470
133755106
133759035
133759819
133763952
133764004
133766170
133768834
133769116
133773247
133782106
133789092
133795505
133797089
133800582
133801152
133806692
133806930
133807152
133807728
133810073
133814044
133815985
133818827
133823442
133824600
133825759
133825964
133826570
133828147
133828711
133829018
133832054
133832122
133832674
133833089
133833448
133834998
133834999
133835941
133835942
133838400
133840151
133840337
133842027
133844848
133845107
133845315
133845504
133845561
133847467
133848506
133848692
133850791
133851376
133851593
133851981
133852028
133852290
133853062
133853063
133853520
133854508
133854509
133855504
133855505
133855506
133855507
133855957
133857711
133862036
133863720
133864100
133864544
133867220
133868074
133869126
133869279
133871150
133875492
133876442
133876778
133883296
133884398
133884948
133885056
133886554
133889745
133890525
133892152
133900022
133901882
133903101
133907600
133910408
133910918
133912366
133917858
133923452
133925022
133946195
133955283
133962758
133969766
133983623
133983624
133983815
133984139
133986577
133986758
133987562
133989445
133990312
133990365
133990369
133991227
133991228
133991229
133991254
133991748
133992128
133992129
133993251
133993252
133994233
133996371
133996744
133997265
133997318
133997969
133998272
133998273
133998274
133998422
133999637
133999963
133999964
133999965
134000104
134000292
134000293
134000624
134001291
134001720
134005982
134005983
134006132
134009093
134011314
134012990
134016387
134017993
134019083
134019084
134019792
134021757
134021842
134022686
134025825
134031816
134035645
134036101
134036575
134039143
134040513
134043188
134044920
134045398
134055899
134057332
134057700
134058021
134058022
134059749
134060321
134060351
134061053
134062792
134065430
134066310
134067019
134070863
134071307
134072103
134072576
134080710
134083639
134089992
134089993
134090941
134092206
134092925
134095560
134097989
134102383
134102406
134103733
134103734
134105112
134107156
134108423
134108929
134112347
134117339
134121824
134123646
134127407
134128466
134133974
134143752
134146084
134146127
134148835
134149231
134153015
134153950
134158912
134161541
134163225
134164470
134166787
134174069
134181423
134187615
134211944
134214151
134227832
134228425
134229040
134231183
134236740
134239934
134249564
134254086
134255832
134257410
134259150
134264518
134284601
134288127
134290188
134295434
134301899
134307522
134309788
134320313
134320599
134321361
134337908
134338553
134341789
134342033
134355395
134355749
134356199
134356200
134359553
134362763
134365964
134367051
134368126
134369314
134371068
134373146
134373147
134373261
134374593
134374969
134377359
134388479
134388584
134389198
134390735
134391750
134391993
134392986
134400012
134405550
134406316
134407897
134409277
134410039
134411445
134414288
134414475
134418625
134421155
134425750
134427943
134431045
134433975
134438680
134443922
134455412
134456950
134457032
134458637
134474083
134478079
134480267
134488083
134491005
134495590
134497981
134505076
134511870
134513444
134525654
134537139
134538698
134545570
134546236
134546237
134547180
134550152
134551066
134552738
134552819
134553638
134553735
134553852
134554315
134554478
134554961
134555318
134555319
134555678
134556144
134556286
134557252
134557254
134558406
134558480
134559896
134559897
134560716
134562246
134562288
134562289
134562380
134562906
134563178
134563218
134563464
134564485
134565113
134565832
134566438
134566439
134567905
134567978
134568641
134569240
134569350
134571478
134571768
134571833
134571895
134573010
134575828
134576404
134580430
134581264
134581652
134582661
134583933
134584016
134588312
134588340
134588418
134589713
134590846
134591018
134591326
134591884
134594019
134595314
134595363
134595635
134595653
134595654
134596161
134599764
134602576
134605554
134609156
134609537
134610409
134611550
134612787
134614745
134614746
134615410
134615417
134616747
134617062
134617476
134617596
134618082
134618413
134618656
134619272
134619363
134620680
134620727
134623972
134624660
134625144
134626715
134627544
134627843
134627878
134627975
134627999
134628166
134631877
134632618
134632722
134632924
134632989
134634532
134635542
134638003
134642163
134644299
134645534
134646210
134646822
134647249
134651818
134652955
134653049
134653936
134655823
134657449
134658620
134660222
134660661
134662160
134662403
134664610
134666205
134666831
134667597
134667888
134669419
134669791
134670587
134670756
134671707
134674546
134675573
134677103
134678535
134679624
134679694
134679740
134679768
134682791
134685549
134689210
134691520
134692410
134692690
134693142
134693766
134696396
134697223
134699082
134703634
134704845
134706287
134706924
134707752
134708882
134710792
134713749
134718808
134722249
134722425
134722527
134723165
134724018
134724959
134726370
134727023
134728250
134728363
134728602
134728933
134728943
134728945
134729024
134729528
134729745
134730218
134731064
134732735
134733029
134733174
134733760
134733762
134734492
134736864
134736987
134738795
134738854
134738855
134739974
134740881
134742703
134743717
134744960
134746319
134748879
134751823
134752623
134752848
134753479
134755717
134755723
134755954
134756170
134756449
134756683
134757581
134757756
134759058
134759500
134762314
134763054
134763624
134764148
134768850
134771061
134774363
134775066
134777275
134785601
134786570
134790278
134791390
134803832
134812621
134812721
134823392
134825370
134829567
134829992
134831547
134831548
134833035
134833627
134835476
134835856
134837592
134838157
134839467
134840958
134846320
134847596
134851245
134852077
134852078
134853458
134858013
134858167
134859683
134859837
134867329
134871969
134874584
134875368
134880285
134886471
134888649
134889614
134890542
134895354
134900125
134903772
134904111
134907103
134914702
134914801
134916221
134917307
134917308
134917309
134918159
134919253
134919406
134919794
134920045
134920453
134920454
134920490
134920491
134921150
134922477
134922691
134922760
134923564
134923932
134923933
134924678
134924679
134925685
134926179
134927129
134927231
134927783
134928083
134930459
134932289
134932850
134932851
134933468
134934136
134934260
134934603
134934604
134934877
134935694
134935843
134936036
134936037
134936038
134936039
134936518
134936557
134936718
134936719
134937026
134937087
134937725
134937802
134937903
134937904
134937905
134938056
134938194
134939040
134939337
134939526
134939850
134940101
134940190
134940513
134943786
134944532
134946001
134946219
134946925
134946946
134946989
134947476
134947638
134948037
134949738
134949739
134949774
134951470
134954038
134954039
134954204
134954614
134955553
134955554
134956623
134957888
134958800
134959480
134959535
134960055
134960517
134964566
134964758
134965079
134967249
134967651
134969089
134969090
134969091
134969789
134969895
134969896
134970185
134970193
134970435
134973060
134975435
134975917
134976534
134979615
134979722
134980140
134980141
134980887
134981315
134982403
134984087
134985875
134988170
134989167
134990807
134993722
134993835
134994127
134994930
134997119
134997361
135001298
135001777
135006999
135007343
135009737
135009820
135015845
135017133
135018454
135019762
135021151
135024782
135026427
135034973
135040505
135041702
135042005
135046933
135094278
135169260
135193860
135257986
135269068
135307678
135364705
135364800
135380147
135467238
135526683
135546080
135552620
135564649
135578900
135580818
135583178
135586996
135618295
135639873
135654622
135688940
135692985
135713261
135735120
135801005
135936452
136243563
136244439
136245145
136245530
136249104
136250442
136250593
136251316
136251519
136252055
136253747
136253878
136255109
136256135
136258619
136262908
136263087
136263133
136263945
136264213
136264435
136266138
136267359
136269503
136271058
136271198
136271295
136273246
136273460
136275882
136277729
136278510
136280840
136282988
136283001
136283195
136284958
136289755
136292436
136292437
136294157
136295647
136295771
136300909
136301501
136301834
136303027
136306653
136309786
136315793
136317857
136318006
136321909
136326819
136327415
136328608
136333348
136335867
136339982
136343037
136346208
136347259
136347260
136351524
136352038
136353206
136356407
136358527
136365795
136367752
136369120
136375084
136386564
136387160
136395377
136396639
136397377
136399278
136413232
136414897
136416393
136416903
136434017
136438662
136445741
136448688
136449343
136456512
136456710
136562109
136562110
136562111
136562112
136562113
136563183
136565992
136570510
136570511
136571437
136571439
136571440
136571441
136576774
136578307
136578502
136579744
136579745
136579746
136580829
136583911
136585201
136586545
136588734
136589229
136589230
136591296
136598430
136599402
136600558
136604411
136604767
136604768
136605108
136605852
136606422
136608298
136609116
136609291
136611821
136613410
136614206
136616127
136617858
136618920
136619131
136624500
136625590
136626605
136634208
136637949
136638407
136645404
136645433
136653726
136679854
136688082
136691469
136692434
136695288
136713244
136725999
136729863
136730876
136737699
136739615
136752421
136760508
136761022
136762818
136763466
136765610
136772990
136774058
136776505
136782761
136797186
136801504
136805900
136806698
136808393
136834483
136835089
136844923
136847963
136848043
136848221
136854748
136855582
136856719
136862371
136862740
136864462
136864825
136864826
136864827
136864828
136866347
136868496
136869732
136873205
136874382
136874748
136875162
136875828
136875891
136877065
136880850
136881723
136882334
136884093
136890149
136890202
136891170
136892973
136893030
136893831
136895344
136895499
136897454
136897736
136897967
136901451
136903615
136904086
136907759
136910981
136911984
136913395
136914903
136914950
136919570
136921685
136922317
136924001
136925453
136931580
136932788
136938863
136939736
136940398
136950882
136955985
136962553
136964431
136966898
136970263
136971828
136974882
136978251
136978719
136982861
136983299
136988042
136991070
136998863
137002094
137014858
137014903
137018814
137022671
137039161
137043563
137046195
137052352
137063375
137064464
137065122
137066080
137066611
137068623
137074105
137076842
137078280
137082794
137088693
137098972
137100306
137109220
137109348
137110842
137123134
137127632
137139598
137159788
137185592
137188255
137197029
137213919
137215414
137216035
137218833
137225505
137229015
137230527
137270459
137277026
137277267
137279665
137296661
137321079
137325452
137334411
137395058
137400242
137482382
137542958
137608802
137615525
137615526
137616852
137618250
137624941
137627788
137629483
137640370
137640972
137645707
137645708
137649960
137649982
137650073
137652606
137654158
137660917
137662449
137662779
137663167
137668523
137668809
137674507
137678535
137683997
137684764
137686433
137688212
137690287
137696650
137697337
137697435
137701508
137726335
137729228
137729416
137742088
137748697
137757582
137762018
137762142
137762811
137777281
137778579
137787235
137800257
137808003
137810428
137819956
137822065
137826385
137871636
137871637
137874629
137883423
137907047
137911098
137916536
137922439
137961135
137966427
137989697
137992903
138000833
138009966
138024217
138026479
138028908
138082801
138094497
138107122
138178836
138187331
138196163
138242228
138246143
138248083
138254925
138255687
138259767
138259768
138259769
138260485
138264087
138267984
138269813
138271063
138272124
138274307
138278318
138279801
138291436
138294891
138296297
138298803
138310068
138315129
138324347
138329355
138332737
138332934
138336713
138340152
138340504
138345279
138346920
138347505
138353069
138356550
138370117
138383443
138401085
138406097
138409803
138419186
138433854
138434656
138435490
138440704
138442537
138474255
138486423
138510581
138532485
138537148
138548084
138566355
138575963
138579278
138591030
138620498
138626978
138634029
138634030
138647235
138657839
138664951
138667302
138670862
138683497
138712506
138717728
138720560
138722366
138727164
138728464
138733892
138752169
138757019
138757020
138759504
138772079
138778564
138782210
138788901
138788902
138796095
138807863
138808373
138808569
138815925
138816984
138820741
138828525
138833334
138836927
138838063
138850809
138877542
138882725
138897014
138900361
138908548
138915599
138955110
138968323
138996631
138996632
139015970
139027259
139037220
139051691
139060383
139060795
139115979
139160909
139220712
139223390
139234476
139242239
139248809
139252006
139256952
139258004
139258642
139262750
139268392
139268714
139269612
139272919
139277581
139279472
139290527
139299259
139303590
139313656
139315433
139320523
139321330
139326075
139328194
139329742
139343300
139346055
139348473
139354216
139362546
139363610
139366700
139367679
139369630
139378008
139378769
139386808
139407713
139471060
139477358
139480875
139480876
139481676
139483115
139483116
139485991
139486113
139490438
139494759
139498720
139499897
139500366
139501547
139503882
139504822
139506011
139507396
139507728
139511322
139514588
139514589
139515199
139521107
139522530
139525111
139525994
139534998
139534999
139536082
139536127
139536464
139542438
139546226
139548549
139549660
139550115
139555780
139564590
139569493
139581077
139582610
139583612
139585192
139587066
139588585
139588908
139593168
139602265
139605804
139606319
139613931
139637193
139638773
139640567
139640850
139645892
139645893
139646072
139650469
139651722
139656208
139658168
139659786
139667901
139676099
139676333
139681843
139684874
139695270
139728740
139741782
139742718
139755518
139818221
139820306
139820419
139820659
139821260
139821431
139821432
139821853
139823433
139823434
139824363
139824364
139824367
139827023
139829750
139829815
139830396
139830520
139830521
139830964
139831958
139832724
139832791
139833252
139833663
139834016
139834041
139835806
139835807
139836052
139836461
139836973
139837639
139838757
139839067
139839519
139841229
139842321
139842322
139842774
139842829
139842831
139843045
139844005
139844602
139845415
139846008
139846907
139847515
139848273
139850406
139850639
139850679
139852163
139852484
139853930
139854498
139854665
139855631
139856076
139856253
139857522
139857693
139857944
139860193
139860525
139864766
139866792
139867134
139867747
139867977
139869638
139870208
139870608
139870813
139872155
139872516
139874158
139875741
139877158
139877606
139879049
139880324
139880762
139882196
139882225
139882425
139885390
139886966
139887298
139887840
139887844
139887944
139893908
139893969
139894376
139897165
139897282
139899914
139903421
139904668
139906323
139908788
139909278
139911438
139912218
139913494
139914025
139914972
139917501
139917822
139918711
139921009
139921300
139922382
139923013
139924081
139924563
139924915
139926198
139933132
139938533
139938748
139942977
139943605
139945984
139946662
139947778
139949908
139950221
139950963
139951949
139952221
139952862
139958602
139962896
139966048
139976922
139982334
139983516
139993892
139994044
140001680
140001875
140010170
140011792
140013317
140013564
140015223
140015413
140016587
140017094
140017505
140018956
140020186
140020617
140021307
140023032
140026445
140029387
140031994
140033120
140037031
140037709
140038335
140038879
140041758
140041978
140044784
140045185
140047303
140047546
140050640
140055921
140056340
140056783
140057473
140060009
140060482
140061718
140061998
140062205
140062248
140066497
140067599
140068214
140074472
140076474
140077720
140079665
140080328
140083263
140086011
140086276
140088317
140088465
140089425
140089794
140092272
140092764
140093591
140095054
140096114
140098772
140100360
140101773
140108367
140111122
140112948
140114674
140116953
140118837
140119027
140122900
140125551
140127284
140127340
140128500
140129447
140133796
140134537
140137754
140139410
140139834
140144821
140145103
140147339
140147584
140152461
140152741
140154860
140155032
140156937
140157409
140159548
140159859
140170932
140170977
140175053
140182109
140184504
140184781
140190549
140192603
140194417
140196639
140202675
140210134
140210949
140211934
140212408
140219082
140222774
140228017
140231442
140237957
140238483
140238992
140240269
140240899
140245125
140245917
140247165
140247920
140249578
140250689
140253487
140254261
140255841
140259686
140264806
140266136
140267519
140269671
140272149
140294994
140296131
140297321
140299802
140307449
140308787
140313342
140313483
140316432
140317427
140324686
140325920
140328184
140336598
140341562
140347736
140350753
140359162
140367521
140367676
140373405
140374004
140375670
140381133
140382926
140384104
140388926
140391267
140397548
140417239
140417464
140420571
140420820
140423678
140423796
140424434
140424659
140426096
140426097
140426227
140428526
140429639
140430643
140430644
140431400
140432799
140432860
140433015
140433284
140434161
140435265
140435746
140436605
140439589
140440828
140448788
140448789
140454120
140454516
140454987
140455346
140458005
140460476
140460477
140460946
140461595
140463564
140465043
140465097
140465386
140467301
140468650
140469510
140470953
140472563
140474551
140474669
140480111
140480415
140482564
140482565
140484064
140486656
140488309
140489285
140508860
140511571
140514170
140516559
140516584
140519293
140525970
140526828
140529127
140531113
140531936
140537372
140541128
140542854
140546659
140552548
140553861
140559726
140561428
140562671
140563753
140570212
140571164
140578389
140580481
140593261
140597936
140604291
140624936
140632310
140634513
140637307
140637919
140638940
140640717
140641784
140642199
140646831
140651742
140652257
140654145
140667073
140669060
140673451
140684257
140693180
140693243
140693705
140695871
140705859
140706692
140740842
140757475
140764481
140771964
140777649
140780151
140782725
140792061
140792162
140802164
140809744
140837666
140841103
140848080
140848527
140856236
140878370
140898138
140926554
140936939
140937863
140939844
140941688
140946188
140947010
140950364
140950365
140950410
140950713
140950714
140954581
140967185
140967477
140969356
140971024
140976679
140984242
140985562
140985987
140986000
140988368
140991055
140991556
140997507
140998722
141000346
141002412
141003210
141004346
141006081
141008262
141009782
141012328
141013390
141022088
141022192
141027563
141030044
141039480
141042242
141044327
141046299
141046746
141047771
141054041
141055790
141057879
141058310
141106722
141109137
141150404
141155074
141156167
141165566
141172268
141211137
141240682
141385693
141395230
141397988
141397989
141398367
141398523
141402249
141402652
141404394
141404501
141415688
141419747
141419837
141419969
141420258
141421871
141422543
141429936
141431594
141440331
141441146
141447609
141455240
141456288
141456518
141458367
141468210
141470896
141476695
141480430
141481825
141485102
141488996
141490430
141491386
141501923
141503804
141506325
141507532
141507864
141510394
141511112
141518079
141530723
141531326
141533593
141535610
141537749
141538046
141538585
141541409
141542636
141542958
141546426
141547062
141547063
141547508
141547695
141548264
141549352
141551764
141552797
141552798
141552799
141553683
141554037
141556299
141557555
141557992
141560385
141561071
141564683
141564684
141567680
141570616
141572179
141572339
141573935
141574353
141575044
141575333
141575736
141577394
141578032
141579087
141579271
141588986
141589659
141589886
141590727
141591976
141592025
141597271
141600636
141600637
141601857
141602100
141602402
141606002
141606091
141610079
141613192
141613715
141614696
141616738
141616851
141626114
141628174
141628269
141628763
141629314
141630595
141633308
141633400
141634693
141635213
141636272
141637598
141643409
141647648
141647807
141649041
141650543
141653521
141657150
141657576
141670502
141670503
141670879
141671392
141677158
141678117
141684574
141686799
141689855
141693608
141694418
141698082
141700122
141701374
141708032
141709370
141711470
141714584
141723966
141729497
141730469
141731081
141734457
141744170
141747438
141748565
141751323
141761667
141768752
141779154
141782714
141785065
141787820
141789475
141790503
141794125
141797175
141797981
141802542
141809340
141809538
141809539
141813586
141814533
141818251
141819359
141822250
141823145
141831004
141833399
141833967
141837928
141844045
141849986
141851941
141853075
141866248
141880699
141880888
141883680
141893409
141899757
141905074
141912509
141924287
141924288
141925505
141925612
141926344
141931629
141931630
141932782
141933128
141933208
141933209
141933562
141933563
141935069
141935427
141936184
141939698
141943713
141944325
141944602
141944755
141945025
141946619
141948116
141948425
141949499
141950992
141953218
141953528
141955201
141955298
141957221
141957972
141958482
141959985
141963411
141965143
141967216
141967734
141968104
141968609
141968963
141969318
141969463
141970331
141970343
141978314
141980598
141987108
141987903
141992513
141992719
141992861
141993152
142002670
142008439
142008646
142009778
142010633
142013381
142016105
142019406
142024166
142024924
142026787
142028683
142032236
142036752
142039783
142042234
142046978
142049577
142055828
142056881
142057297
142057490
142061893
142064979
142066764
142076955
142078103
142079966
142082834
142085750
142102323
142105606
142106494
142116583
142124832
142125001
142125915
142126804
142133501
142135572
142142285
142144374
142149484
142151986
142161129
142168377
142171083
142176673
142176773
142181406
142192679
142192864
142196864
142203289
142219716
142220713
142230432
142236541
142255952
142255953
142258674
142260356
142261438
142261906
142263559
142264760
142266147
142266148
142269671
142269741
142270235
142271622
142274040
142275212
142275761
142276908
142278165
142279918
142282216
142282290
142282569
142282570
142282820
142284915
142285473
142285663
142285664
142286445
142287574
142287682
142288416
142291384
142293221
142293911
142295713
142297257
142297483
142298354
142300140
142305836
142305959
142306075
142307491
142307748
142308821
142308822
142311254
142313824
142314927
142315119
142315525
142315526
142316218
142316418
142318691
142319251
142319762
142323088
142324226
142324539
142326159
142326160
142326261
142326598
142327048
142329315
142332135
142332284
142332290
142333421
142336673
142338075
142338284
142338464
142339863
142343473
142343940
142345198
142345963
142347225
142348716
142349740
142349757
142350332
142350344
142350619
142351115
142352214
142353326
142355807
142356089
142356135
142356269
142358078
142359839
142360483
142360934
142362604
142365145
142365146
142368534
142373112
142373526
142373649
142379088
142379628
142380697
142380953
142381452
142384487
142384996
142385078
142385652
142386164
142386165
142386221
142386227
142386742
142387020
142387932
142390693
142393256
142393652
142394833
142396467
142397683
142402180
142409048
142410067
142413043
142414027
142416022
142416929
142418041
142420637
142421904
142422373
142424920
142425119
142425122
142425560
142427828
142429212
142432864
142433025
142433054
142433055
142433394
142434806
142438027
142441458
142441977
142442074
142445529
142446225
142451293
142456456
142456743
142461892
142466501
142470870
142474654
142479827
142481575
142482159
142483588
142486839
142490446
142495499
142496077
142499588
142508576
142508711
142513128
142516270
142519498
142525321
142528434
142529690
142530911
142532609
142533030
142535949
142540976
142542938
142545103
142547380
142547597
142552589
142554351
142557719
142557748
142560941
142563808
142570874
142580459
142583874
142587892
142592793
142602481
142613498
142623231
142641316
142651115
142656327
142702609
142703261
142755978
142755979
142760906
142760907
142776057
142777441
142781157
142781158
142781159
142783286
142799293
142799477
142809411
142813986
142814118
142817325
142818611
142828384
142841222
142843039
142844692
142846155
142850423
142851313
142855592
142859305
142860391
142863246
142864760
142871774
142871928
142872065
142874208
142882661
142890652
142890821
142893248
142894913
142896039
142896110
142896238
142899574
142899909
142915784
142921235
142926658
142927018
142934749
142936628
142944417
142947163
142961619
142969579
142973493
142977098
142989483
142997029
143022293
143039274
143039376
143051972
143058206
143066169
143066714
143068537
143068807
143072908
143131708
143201184
143470732
143471468
143471469
143471607
143473074
143473307
143474247
143476263
143477392
143478002
143480380
143480384
143481175
143481176
143481328
143485326
143486012
143487982
143491388
143492969
143494835
143498869
143501818
143504228
143504772
143505444
143505850
143507323
143509807
143513883
143515162
143518485
143523768
143525280
143526017
143527399
143529139
143530770
143531471
143533827
143536862
143543515
143543713
143545454
143547297
143551703
143553693
143560496
143561228
143561661
143561772
143563007
143569880
143570490
143586928
143590288
143592382
143596989
143604996
143616494
143618886
143619917
143620894
143624135
143625794
143637772
143638140
143656732
143686008
143696550
143725982
143727001
143727711
143728034
143730061
143736842
143740986
143741659
143742638
143746796
143751532
143758208
143759963
143760271
143764045
143766613
143781133
143783664
143784930
143794956
143799964
143800522
143806448
143818916
143819836
143823644
143826590
143827874
143841526
143857970
143872347
143872778
143875908
143879190
143883432
143891265
143905020
143909101
143926743
143931735
143991196
143992305
143993468
143993520
143994114
143994115
143994504
143994550
143994551
143996567
143996568
143996569
143997639
143998651
143999329
143999478
143999722
144000427
144000862
144002385
144002386
144003321
144005122
144005331
144005441
144005442
144006111
144006314
144006315
144006316
144006338
144006349
144006740
144007206
144008089
144008391
144009522
144009603
144009617
144011011
144011995
144013715
144015256
144016668
144016669
144017133
144018537
144018995
144020212
144021536
144021750
144022874
144022983
144023382
144023656
144024040
144024430
144025510
144026390
144026807
144028860
144029252
144029371
144030053
144030755
144032638
144032768
144033704
144034772
144035391
144038138
144038511
144039609
144041474
144042111
144045661
144049792
144051693
144052831
144052901
144056008
144056035
144059858
144061582
144061987
144062366
144062698
144062893
144066690
144067308
144068475
144074083
144074753
144081417
144083607
144083608
144084203
144085481
144089538
144090905
144091742
144096609
144097212
144098906
144102517
144103675
144105181
144112956
144114372
144119699
144122866
144132425
144144612
144147455
144150032
144163992
144169797
144182748
144186911
144189148
144189290
144190516
144194348
144206661
144218831
144230579
144232633
144246653
144258921
144290285
144291074
144298996
144299696
144300605
144300606
144300952
144302486
144303000
144303312
144303313
144303340
144303947
144304836
144306142
144306397
144306988
144307177
144307252
144307325
144308321
144309086
144310382
144310383
144311124
144311285
144311313
144311514
144311924
144311925
144312093
144312133
144314658
144315328
144315919
144316117
144316646
144316766
144317000
144317935
144320853
144321238
144322637
144322638
144326588
144327511
144331060
144332755
144332756
144332757
144335532
144337328
144338550
144338815
144341275
144342851
144342852
144344431
144345567
144349274
144350482
144351136
144354995
144356453
144357644
144358786
144362061
144363960
144364593
144365516
144370729
144372253
144372475
144374614
144375913
144384899
144385123
144386956
144387127
144394461
144396855
144398301
144399169
144399515
144399921
144405181
144407226
144424670
144427779
144429628
144436816
144439584
144444653
144447691
144454551
144460463
144461809
144463094
144464502
144475512
144476442
144480128
144486003
144488645
144496800
144503552
144503689
144510870
144538739
144548553
144550462
144550618
144554283
144556545
144557427
144567922
144579642
144795382
144798885
144810695
144826301
144864357
144881561
144892463
144903959
144931119
144959727
144962727
144972076
144973137
144994399
144997315
145027700
145029859
145034961
145066493
145087076
145130089
145131792
145151141
145164766
145172216
145207117
145225036
145249746
145255942
145292268
145342141
145346279
145362675
145366599
145399002
145462126
145468543
145472210
145507218
145532541
145605754
145606755
145606756
145619850
145632171
145634029
145674598
145714376
145731149
145781359
145806045
145836262
145853637
145854672
145856071
145860189
145862166
145862167
145867023
145870133
145872458
145890816
145894884
145908418
145908419
145914048
145918569
145926206
145928224
145936849
145951527
145962311
145963478
145969120
145979731
145981213
146007934
146010417
146012971
146025019
146031245
146039067
146041008
146044222
146046714
146050028
146066155
146085301
146085913
146091210
146108375
146121053
146124819
146126053
146134673
146142699
146143036
146149839
146176554
146180036
146183684
146196872
146199198
146209807
146209880
146219653
146220742
146222920
146226353
146231195
146253034
146267078
146269648
146269913
146274491
146305057
146327024
146342540
146354012
146380704
146408963
146409313
146409314
146409316
146411503
146415970
146418854
146419997
146425389
146425653
146426580
146429000
146429001
146431957
146432512
146434407
146435303
146438405
146439386
146439387
146440184
146446793
146450781
146451233
146452195
146453012
146453348
146453506
146455837
146456024
146458764
146460940
146462253
146468167
146476149
146476435
146479882
146483057
146490709
146505948
146506454
146506835
146507057
146508092
146508553
146514466
146522673
146529052
146564668
146588921
146681462
146681537
146681691
146683038
146684706
146684707
146692715
146697686
146702497
146702742
146702743
146705517
146705880
146712726
146713925
146717976
146727484
146727485
146729672
146732295
146732815
146737637
146740217
146740218
146740299
146741427
146748889
146751143
146757800
146779687
146782427
146791661
146797462
146798145
146805782
146809504
146809669
146827278
146832052
146832053
146839893
146850142
146854694
146865252
146874264
146876836
146878366
146879942
146884849
146891609
146894543
146905096
146906128
146909060
146909335
146911395
146914498
146942971
146949881
146963516
146971519
146972643
146976464
146984081
146997455
147013136
147017147
147023523
147029757
147037883
147053336
147063105
147076360
147102453
147112020
147122243
147127202
147131765
147150971
147153825
147159599
147162650
147168164
147180055
147187991
147203372
147212975
147227775
147265518
147313734
147397073
147547248
147560926
147562940
147568827
147576737
147580261
147590095
147605369
147615552
147615989
147623004
147635738
147637008
147639985
147650405
147676151
147676388
147680468
147709672
147709722
147733327
147773378
147798947
147831951
147843357
147846221
147873151
147892362
148009321
148012371
148015820
148016063
148025564
148030454
148030549
148031761
148032213
148042319
148051386
148057676
148065353
148066488
148067331
148069336
148080382
148090856
148093464
148096857
148103808
148105613
148106024
148107327
148123910
148129671
148137168
148146561
148159299
148163997
148193755
148210631
148210991
148211933
148213513
148216465
148229141
148229572
148234901
148256336
148273592
148283749
148295358
148296709
148304415
148315915
148329902
148337524
148350083
148353158
148358449
148362915
148372024
148386034
148387676
148389458
148392802
148394463
148394464
148396860
148398671
148401581
148411909
148417236
148419461
148432975
148448495
148449268
148455613
148460020
148467220
148467939
148479057
148483974
148488435
148489719
148503392
148510832
148527434
148545835
148554472
148554876
148595827
148596373
148602356
148604957
148618820
148628069
148650074
148653022
148666843
148693696
148719181
148735837
148746657
148765726
148781711
148786630
148791776
148801700
148801701
148801880
148804090
148807177
148811068
148811192
148815828
148817763
148821400
148827376
148828400
148833913
148836083
148837576
148845658
148845867
148848119
148864439
148877786
148877787
148879711
148881145
148891506
148894781
148905098
148906347
148918115
148925932
148935032
148951662
148961149
148963257
148963457
148970064
148972508
148977202
148991692
149008154
149010645
149030106
149030906
149031828
149035341
149045403
149058800
149062377
149062441
149063832
149064663
149066788
149070375
149092803
149106111
149112969
149123225
149123371
149130721
149139732
149148346
149162647
149164630
149178526
149182184
149194424
149198060
149206508
149206706
149208474
149209958
149220376
149220648
149220649
149221861
149222502
149225641
149227618
149228098
149229311
149229643
149236080
149236367
149237412
149238055
149239064
149242878
149242879
149244379
149244381
149245317
149246057
149249343
149250739
149254905
149255539
149256147
149258176
149258465
149261338
149262135
149266565
149272061
149272062
149272855
149274765
149274880
149276924
149277568
149279782
149280790
149282609
149282610
149284764
149287917
149292433
149294328
149295497
149295555
149299661
149300029
149300966
149302356
149303762
149309964
149311206
149314213
149315630
149321194
149325093
149328973
149331104
149337035
149338403
149345709
149345921
149349075
149349967
149353413
149355532
149355790
149360239
149364106
149370749
149373534
149379776
149382098
149383744
149387677
149395779
149410623
149412410
149415103
149420199
149422654
149433354
149435108
149437472
149438740
149438780
149444668
149445563
149456936
149460272
149460984
149472129
149475375
149478654
149489741
149493003
149494448
149494828
149500471
149508948
149520779
149522381
149522470
149556559
149557827
149562449
149564407
149568257
149579873
149580947
149582476
149590395
149598339
149615043
149618287
149624477
149626769
149628853
149640303
149640539
149643025
149644424
149673022
149881018
149995644
150025348
150036384
150036841
150043553
150048311
150053846
150065594
150068665
150087247
150271786
150637137
150762566
150774227
150783391
150805860
150833816
150835564
150844415
150848972
150891827
150966321
150983570
151136178
151139369
151208759
151210743
151218442
151227533
151227564
151278469
151334966
151362053
151404767
151406414
151510762
151557283
151849944
151860419
151945681
151953099
151953980
151955970
151956319
151962766
151985376
151986967
151994048
151997685
152001780
152003559
152014820
152024890
152026086
152026864
152027417
152040235
152067321
152102737
152110091
152110923
152115904
152131724
152138057
152147650
152150951
152215434
152229023
152234039
152247703
152247880
152247881
152247882
152250238
152250333
152250976
152252058
152255307
152258369
152258570
152259378
152260595
152266018
152266800
152274044
152274681
152275113
152275152
152280001
152283608
152283737
152288794
152299311
152301482
152307041
152309135
152309598
152314645
152315101
152317861
152326487
152327640
152337018
152348412
152359031
152361506
152361923
152362037
152363058
152364712
152369511
152372462
152375817
152383021
152390480
152391271
152396592
152405344
152415926
152418744
152431594
152447955
152461684
152463477
152470256
152474073
152523865
152536743
152541069
152572365
152586116
152634896
152642168
152644034
152655713
152671542
152674533
152710508
152754924
152808599
152819098
152829593
152841506
152842867
152903258
152975088
152989998
153149719
153169748
153172136
153296108
153310269
153353815
153356316
153376835
153376836
153376837
153391627
153402066
153405576
153406670
153406671
153410922
153413933
153428693
153441060
153445224
153450789
153452217
153472557
153472685
153491774
153496912
153501982
153524315
153580654
153610583
153641369
153642758
153669679
153681178
153694941
153700232
153840611
153849671
153882971
153919278
153958861
153968148
153973063
154014624
154035562
154056334
154086223
154104197
154105980
154106008
154190895
154215115
154427879
154560891
154677620
154685929
154688325
154712720
154731631
154752194
154774341
154781345
154808244
154811372
154814655
154823750
154884434
154885325
154909053
154962579
155003302
155005307
155078867
155139691
155150496
155243088
155243959
155313224
155324479
155327483
155348468
155435123
155448929
155513116
155513117
155519470
155607746
155638536
155660798
155662556
155691964
155698876
155699825
155708802
155728538
155832568
155845576
155906539
155941803
156068995
156087232
156133623
156142724
156150391
156159886
156168067
156241945
156270070
156293024
156301094
156311430
156413192
156536078
156538621
156594572
156599214
156626688
156698768
156821441
156830345
156860918
156864185
156866303
156873241
156894360
156916535
157035714
157036811
157040252
157040651
157041652
157049080
157050442
157051463
157053192
157055218
157058668
157069843
157079469
157079470
157090907
157095225
157095226
157116388
157130092
157147478
157162832
157178559
157180239
157187260
157215151
157219360
157231920
157280600
157283088
157285573
157296292
157303211
157307090
157307804
157311531
157324030
157374905
157376074
157377587
157378445
157379649
157382473
157382803
157384111
157387584
157388398
157388709
157393969
157394195
157395123
157397386
157397572
157400782
157402347
157403585
157412382
157412805
157418903
157420609
157423149
157428025
157430906
157435901
157437616
157448823
157449120
157449434
157452504
157458791
157459502
157465213
157478823
157494831
157498755
157500886
157506122
157509593
157519653
157525477
157606111
157608251
157768140
157793150
157799243
157801585
157839046
157862094
157872509
157881838
157883148
157924886
157936045
157938721
157949405
157960708
157969838
157975603
157989797
157995725
158002051
158044391
158049125
158064697
158065450
158073126
158075852
158075853
158075854
158076692
158078244
158084502
158094891
158101647
158104257
158110383
158123273
158124683
158134389
158150243
158237748
158242346
158253750
158255500
158255730
158260014
158265325
158275343
158276476
158282566
158284053
158284710
158293460
158295267
158295436
158296654
158300913
158324393
158325081
158330485
158337082
158337557
158340140
158341528
158343300
158351899
158352685
158356077
158357047
158365893
158368360
158372424
158394150
158401219
158411346
158419604
158421345
158422201
158424585
158435088
158439151
158442459
158445889
158445929
158454471
158455351
158457588
